"","Maker","Model","Type","Fuel","Price","Cylinders","Displacement","DriveWheel","BHP","Torque","Acceleration","TopSpeed","MPG","Weight","Length","Width","Height","AdaptiveHeadlights","AdjustableSteering","AlarmSystem","Automatic","Bluetooth","ClimateControl","CruiseControl","ElectricSeats","Leather","ParkingSensors","PowerSteering","SatNav","ESP","Origin"
"Alfa Romeo Giulietta","Alfa Romeo","Giulietta","Giulietta 1.6 JTDM-2 105 Veloce 5d","Diesel",9.96411217435256,4,7.37650812632622,"Front",4.65396035015752,5.46383180502561,11.3,4.74493212836325,64,1385,4351,1798,1465,"optional","standard","standard","no","standard","standard","standard","optional","optional","optional","standard","optional","standard","Europe"
"Alfa Romeo MiTo","Alfa Romeo","MiTo","MiTo 1.4 TB MultiAir 105 Distinctive 3d","Petrol",9.6260857894919,4,7.2211050981825,"Front",4.65396035015752,4.55387689160054,10.7,4.75359019110636,49,1090,4063,1720,1446,"optional","standard","standard","no","standard","optional","standard","no","optional","standard","standard","optional","standard","Europe"
"Aston Martin Cygnet","Aston Martin","Cygnet","Cygnet 1.33 Standard 3d","Petrol",10.341581180136,4,7.19218205871325,"Front",4.58496747867057,4.52178857704904,11.8,4.66343909411207,56,988,3078,1680,1500,"no","standard","no/optional","optional","standard","standard","standard","no","no","no","standard","standard","standard","Europe"
"Aston Martin DB9","Aston Martin","DB9","DB9 6.0 517 Standard 2d 13MY","Petrol",11.7905193220632,12,8.68862230704377,"Rear",6.24804287450843,6.12468339089421,4.6,5.20948615284142,19,1785,4720,NA,1282,"standard","standard","no/optional","standard","standard","standard","standard","standard","standard","standard","standard","standard","standard","Europe"
"Aston Martin DB9 Volante","Aston Martin","DB9 Volante","DB9 6.0 V12 517 Volante 2d 13MY","Petrol",11.8635471246959,12,8.68862230704377,"Rear",6.24804287450843,6.12468339089421,4.6,5.20948615284142,19,1890,4720,NA,1282,"standard","standard","no/optional","standard","standard","standard","standard","standard","standard","standard","standard","standard","standard","Europe"
"Aston Martin V12 Zagato","Aston Martin","V12 Zagato","V12 Zagato 6.0 V12 Standard 2d","Petrol",12.8891694902366,12,8.68862230704377,"Rear",6.23441072571837,6.04025471127741,4.2,5.24702407216049,17,1680,4385,1865,1250,"no","standard","standard","no","standard","standard","standard","standard","standard","standard","standard","standard","standard","Europe"
"Aston Martin Vanquish","Aston Martin","Vanquish","Vanquish 6.0 V12 Standard 2d","Petrol",12.1547530350069,12,8.68862230704377,"Rear",6.35088571671474,6.12468339089421,4.1,5.20948615284142,19,1739,4720,1910,1294,"standard","standard","standard","standard","standard","standard","standard","standard","standard","standard","standard","standard","standard","Europe"
"Aston Martin Vantage","Aston Martin","Vantage","V8 Vantage 4.7 V8 420 Standard 2d","Petrol",11.3503477102129,8,8.46273700562018,"Rear",6.04025471127741,5.84643877505772,4.7,5.19295685089021,20,1630,4385,1865,1260,"no","standard","standard","optional","optional","standard","optional","standard","standard","standard","standard","optional","standard","Europe"
"Aston Martin Vantage Roadster","Aston Martin","Vantage Roadster","V8 Vantage 4.7 420 Roadster 2d","Petrol",11.4509968683481,8,8.46273700562018,"Rear",6.04025471127741,5.84643877505772,4.7,5.19295685089021,20,1710,4385,1865,1270,"no","standard","standard","optional","optional","standard","optional","standard","standard","standard","standard","optional","standard","Europe"
"Audi A1","Audi","A1","A1 1.2 TFSI 86 S line 3d","Petrol",9.74243813101771,4,7.08757370555797,"Front",4.45434729625351,4.77068462446567,11.7,4.71849887129509,55,1040,3954,1740,1416,"optional","standard","standard","no","standard","optional","optional","no","optional","optional","standard","optional","standard","Europe"
"Audi A3","Audi","A3","A3 1.4 TFSI 122 S line 3d 2012","Petrol",10.0248198377037,4,7.24064969425547,"Front",4.80402104473326,4.99043258677874,9.3,4.83628190695148,54,1175,4237,1777,1421,"optional","standard","standard","no","standard","standard","optional","optional","optional","optional","standard","optional","standard","Europe"
"Audi A4","Audi","A4","A4 2.0 TDI 177 Black Edition 4d","Diesel",10.3586947525391,4,7.5847730776122,"Front",5.17614973257383,5.63478960316925,8.2,4.96284463025991,61,1480,4701,1826,1477,"standard","standard","standard","no","standard","no","standard","optional","no","standard","standard","no","standard","Europe"
"Audi A4 Allroad","Audi","A4 Allroad","A4 Allroad 2.0 TFSI 225 quattro Standard 5d Avant","Petrol",10.4200467081499,4,7.59287028784482,"4WD",5.41610040220442,5.55295958492162,6.5,5.00394630594546,40,1610,4699,1826,1436,"standard","standard","standard","standard","standard","no","standard","optional","no","standard","standard","no","standard","Europe"
"Audi A5","Audi","A5","A5 Coupe 3.0 TDI 204 S line 2d","Diesel",10.5083498182285,6,7.99530662029082,"Front",5.31811999384422,5.68697535633982,7.1,4.98360662170834,57,1565,4626,1854,1372,"standard","standard","standard","standard","standard","standard","standard","optional","standard","standard","standard","optional","standard","Europe"
"Audi A5 Sportback","Audi","A5 Sportback","A5 Sportback 2.0 TFSI 211 quattro SE 5d","Petrol",10.412261072176,4,7.59287028784482,"4WD",5.35185813347607,5.55295958492162,6.6,5.01063529409626,40,1615,4712,1854,1391,"standard","standard","standard","standard","standard","standard","optional","optional","standard","standard","standard","optional","standard","Europe"
"Audi A6 Avant","Audi","A6 Avant","A6 3.0 TDI 245 quattro S Line 5d Avant","Diesel",10.6989656641935,6,7.99530662029082,"4WD",5.50125821054473,6.05678401322862,6.3,5.01727983681492,47,1790,4926,1874,1461,"standard","standard","standard","standard","standard","standard","standard","optional","standard","standard","standard","standard","standard","Europe"
"Audi A6 Saloon","Audi","A6 Saloon","A6 3.0 TDI 245 quattro SE 4d","Diesel",10.5956342327625,6,7.99530662029082,"4WD",5.50125821054473,6.05678401322862,6.1,5.04342511691925,47,1720,4915,1874,1455,"standard","standard","standard","standard","standard","standard","standard","optional","standard","standard","standard","standard","standard","Europe"
"Audi A7 Sportback","Audi","A7 Sportback","A7 Sportback 3.0 TFSI quattro SE 5d","Petrol",10.8015124756034,6,8.00469951054955,"4WD",5.7037824746562,5.78074351579233,5.6,5.04342511691925,34,1770,4969,1911,1420,"standard","standard","standard","standard","standard","standard","standard","standard","standard","standard","standard","standard","standard","Europe"
"Audi A8","Audi","A8","A8 4.2 TDI 350 quattro SE Executive 4d","Diesel",11.1387409768951,6,8.32700074024171,"4WD",5.85793315448346,6.38012253689976,5.5,5.04342511691925,38,1995,5137,1949,1460,"standard","standard","standard","standard","standard","standard","standard","standard","standard","standard","standard","standard","standard","Europe"
"Audi Q3","Audi","Q3","Q3 2.0 TDI 140 quattro S line 5d","Diesel",10.2839766745741,4,7.5847730776122,"4WD",4.9416424226093,5.46383180502561,9.9,4.80402104473326,49,1535,4385,1831,1608,"standard","standard","standard","no","standard","standard","optional","no","no","standard","standard","optional","standard","Europe"
"Audi Q5","Audi","Q5","Q5 2.0 TDI 143 quattro S line 5d","Diesel",10.3911468982703,4,7.5847730776122,"4WD",4.96284463025991,5.46383180502561,11.4,4.77068462446567,45,1755,4629,1880,1653,"standard","standard","standard","no","optional","standard","optional","optional","standard","standard","standard","optional","standard","Europe"
"Audi Q7","Audi","Q7","Q7 3.0 TDI 245 quattro S Line 5d","Diesel",10.74688495889,6,7.99530662029082,"4WD",5.50125821054473,6.00388706710654,7.8,4.90527477843843,38,2300,5089,1983,1737,"standard","standard","standard","standard","standard","standard","standard","standard","standard","standard","standard","optional","standard","Europe"
"Audi R8","Audi","R8","R8 4.2 V8 430 Coupe 2d","Petrol",11.424913587647,8,8.33399124719497,"4WD",6.06378520868761,5.75890177387728,4.6,5.23644196282995,19,1560,4440,1904,1252,"standard","standard","standard","optional","standard","standard","optional","optional","standard","optional","standard","standard","standard","Europe"
"Audi R8 V10","Audi","R8 V10","R8 5.2 V10 525 Spyder 2d","Petrol",11.7066402055936,10,8.5571828396324,"4WD",6.26339826259162,5.96614673912369,3.1,5.26785815906333,19,1720,4440,1904,1244,"standard","standard","standard","optional","standard","standard","optional","standard","standard","optional","standard","standard","standard","Europe"
"Audi RS4 Avant","Audi","RS4 Avant","A4 4.2 V8 RS 4 5d Avant","Petrol",10.9137238972528,8,8.33399124719497,"4WD",6.10924758276437,5.75890177387728,4.7,5.04342511691925,26,1795,4719,1850,1416,"standard","standard","standard","standard","standard","standard","standard","standard","standard","standard","no","standard","standard","Europe"
"Audi TT Coupe","Audi","TT Coupe","TT 2.0 TFSI 211 quattro Coupe S line 2011 2d","Petrol",10.3778566392915,4,7.59287028784482,"4WD",5.35185813347607,5.55295958492162,5.6,5.01063529409626,39,1360,4178,1842,1352,"optional","standard","standard","standard","optional","standard","optional","optional","standard","optional","standard","optional","standard","Europe"
"Audi TT Roadster","Audi","TT Roadster","TT 2.0 TFSI 211 quattro Roadster S line 2011 2d","Petrol",10.4376390016056,4,7.59287028784482,"4WD",5.35185813347607,5.55295958492162,5.8,5.00394630594546,38,1405,4178,1842,1358,"optional","standard","standard","standard","optional","standard","optional","optional","standard","optional","standard","optional","standard","Europe"
"Bentley Continental","Bentley","Continental","Continental GT 6.0 W12 575 GT 2d","Petrol",11.8332683196616,12,8.69918135930895,"4WD",6.35437004079735,6.24610676548156,4.4,5.28826703069454,17,2320,4806,1944,1404,"standard","standard","standard","standard","standard","standard","standard","standard","standard","standard","standard","standard","standard","Europe"
"Bentley Continental GTC","Bentley","Continental GTC","Continental GT 4.0 V8 500 GTC 2d","Petrol",11.8222467125255,8,8.29229810706322,"4WD",6.21460809842219,6.18826412308259,4.7,5.23110861685459,25,2470,4806,1920,1403,"standard","standard","standard","standard","no","standard","no","standard","standard","standard","standard","no","standard","Europe"
"Bentley Flying Spur","Bentley","Flying Spur","Flying Spur 6.0 W12","Petrol",11.7996070370884,12,8.69918135930895,"Rear",6.32076829425058,6.17170059741091,4.9,5.27299955856375,17,2475,5290,1920,1475,"no","standard","standard","standard","standard","standard","standard","standard","standard","standard","standard","standard","standard","Europe"
"Bentley Mulsanne","Bentley","Mulsanne","Mulsanne 6.75 V8 Standard 4d","Petrol",12.3325070389263,8,8.81729778386658,"Rear",6.23832462503951,6.62273632394984,5.1,5.21493575760899,16,2585,5562,1926,1526,"standard","standard","standard","standard","standard","standard","standard","standard","standard","standard","standard","standard","standard","Europe"
"BMW 1 Series","BMW","1 Series","118d SE 5d","Diesel",10.0096477483645,4,7.59839932932396,"Rear",4.96284463025991,5.46383180502561,8.9,4.88280192258637,62,1395,4324,1765,1421,"optional","standard","no/optional","optional","standard","standard","no","no","optional","optional","standard","optional","standard","Europe"
"BMW 1 Series Convertible","BMW","1 Series Convertible","120d SE Convertible 2d","Diesel",10.2396025825095,4,7.59839932932396,"Rear",5.15329159449778,5.55295958492162,8.1,4.92725368515721,56,1585,4360,1748,1411,"no","standard","standard","optional","optional","standard","optional","optional","optional","standard","standard","optional","standard","Europe"
"BMW 1 Series Coupe","BMW","1 Series Coupe","120i M Sport Coupe 2d","Petrol",10.1648898159674,4,7.59839932932396,"Rear",5.13579843705026,5.03695260241363,7.8,4.93447393313069,43,1375,4360,1748,1423,"optional","standard","standard","optional","optional","standard","optional","optional","optional","standard","standard","optional","standard","Europe"
"BMW 3 Series","BMW","3 Series","328i Luxury 4d 2012","Petrol",10.3596457749598,4,7.59940133341582,"Rear",5.50125821054473,5.55295958492162,5.9,5.04342511691925,44,1430,4624,1811,1429,"standard","standard","no/optional","optional","standard","standard","standard","optional","standard","standard","standard","optional","standard","Europe"
"BMW 3 Series Convertible","BMW","3 Series Convertible","325i M Sport 2d Convertible","Petrol",10.5732381552897,6,8.00503334463711,"Rear",5.38449506278909,5.29330482472449,7.6,5.02388052084628,37,1730,4580,1782,1384,"no","standard","standard","optional","optional","standard","standard","standard","standard","standard","standard","optional","standard","Europe"
"BMW 4 Series Coupe","BMW","4 Series Coupe","428i Luxury 2d","Petrol",10.4658139491645,4,7.59940133341582,"Rear",5.50125821054473,5.55295958492162,5.9,5.04342511691925,42,1525,4638,1825,1362,"standard","standard","no/optional","optional","standard","standard","standard","optional","standard","standard","standard","standard","standard","Europe"
"BMW 6 Series","BMW","6 Series","640i M Sport 2d Coupe","Petrol",11.0702256702518,6,7.99934295271328,"Rear",5.76832099579377,5.80211837537706,5.4,5.04342511691925,36,1735,4894,1894,1369,"standard","standard","standard","standard","standard","standard","standard","standard","standard","standard","standard","standard","standard","Europe"
"BMW 6 Series Convertible","BMW","6 Series Convertible","640i M Sport 2d Convertible","Petrol",11.157820716201,6,7.99934295271328,"Rear",5.76832099579377,5.80211837537706,5.7,5.04342511691925,35,1915,4894,1894,1365,"standard","standard","standard","standard","standard","standard","standard","standard","standard","standard","standard","standard","standard","Europe"
"BMW 6 Series Gran Coupe","BMW","6 Series Gran Coupe","640d Gran Coupe 3.0d 313 SE 4d","Diesel",11.0649963900428,6,8.0040315078527,"Rear",5.74620319054015,6.13988455222626,5.4,5.04342511691925,50,1865,5007,1894,1392,"standard","standard","standard","standard","standard","standard","standard","standard","standard","standard","standard","standard","standard","Europe"
"BMW 7 Series","BMW","7 Series","750i Standard 4d","Petrol",11.1752124589129,8,8.38822281011928,"Rear",6.10702288774225,6.17170059741091,4.8,5.04342511691925,32,2015,5079,1902,1471,"standard","standard","standard","standard","standard","standard","standard","standard","standard","standard","standard","standard","standard","Europe"
"BMW i3","BMW","i3","i3 EV Range Extender 5d","Petrol",10.4291032617748,2,6.4723462945009,"Rear",5.13579843705026,5.21493575760899,7.9,4.53259949315326,470,1315,3999,1775,1578,"no","standard","no/optional","standard","standard","standard","standard","no","optional","optional","standard","standard","standard","Europe"
"BMW M3","BMW","M3","M3 4.0 V8 2010 2d Convertible","Petrol",10.9791723365605,8,8.29379960884682,"Rear",6.04025471127741,5.68697535633982,5.3,5.04342511691925,22,1885,4615,1804,1392,"no","standard","standard","optional","optional","standard","standard","standard","standard","standard","standard","optional","standard","Europe"
"BMW M6","BMW","M6","M6 4.4 V8 TT 2d Coupe","Petrol",11.4491333318824,8,8.38822281011928,"Rear",6.32793678372919,6.21660610108486,4.2,5.04342511691925,28,NA,4898,1899,1368,"no","no","no/optional","standard","no","no","no","no","no","no","no","no","no","Europe"
"BMW X1","BMW","X1","X1 sDrive20d xLine 5d","Diesel",10.2431689200983,4,7.59839932932396,"Rear",5.21493575760899,5.63478960316925,7.8,4.91265488573605,57,NA,4477,1798,1545,"no","standard","no/optional","optional","standard","standard","optional","optional","standard","standard","standard","optional","standard","Europe"
"BMW X3","BMW","X3","X3 xDrive20d M Sport 2010 5d","Diesel",10.4291032617748,4,7.59839932932396,"4WD",5.21493575760899,5.63478960316925,8.5,4.86753445045558,50,1790,4648,1881,1675,"no","standard","standard","optional","optional","standard","standard","no","standard","standard","standard","optional","standard","Europe"
"BMW X5","BMW","X5","X5 xDrive50i SE 5d","Petrol",11.0024331189944,8,8.38822281011928,"4WD",6.10702288774225,6.17170059741091,5,5.04342511691925,27,2175,4896,1938,1762,"standard","standard","standard","standard","standard","standard","standard","standard","standard","standard","standard","standard","standard","Europe"
"BMW X6","BMW","X6","X6 xDrive50i 5d","Petrol",10.9666453602198,8,8.38822281011928,"4WD",6.01126717440416,6.0913098820777,5.4,5.00394630594546,22,2265,4877,1983,1690,"standard","standard","standard","standard","standard","standard","standard","standard","standard","standard","standard","optional","standard","Europe"
"BMW Z4","BMW","Z4","Z4 sDrive28i M Sport 2d","Petrol",10.5135248263731,4,7.59940133341582,"Rear",5.50125821054473,5.55295958492162,5.7,5.04342511691925,41,1490,4239,1790,1291,"no","standard","no/optional","optional","optional","no","optional","optional","standard","optional","standard","optional","standard","Europe"
"Bugatti Veyron","Bugatti","Veyron","Veyron 8.0 W16 Grand Sport 2d","Petrol",13.9465256623894,16,8.98632143762602,"4WD",6.89467003943348,6.82654522355659,2.5,5.52942908751142,10,1990,4462,1998,1204,"no","standard","standard","standard","standard","standard","standard","standard","standard","standard","standard","standard","standard","Europe"
"Caterham CSR","Caterham","CSR","CSR 2.3 260 260","Petrol",10.714306651468,4,7.72356247227797,"Rear",5.56068163101553,5.29831736654804,3.1,5.04342511691925,NA,575,3300,1685,1140,"no","no","no/optional","no","no","no","no","no","optional","no","no","no","no","Europe"
"Caterham Super 7","Caterham","Super 7","Seven 1.6 125 Roadsport 2d","Petrol",10.043032079974,4,7.37525577800975,"Rear",4.8283137373023,4.78749174278205,5.9,4.71849887129509,NA,550,3380,1575,1115,"no","no","no/optional","no","no","no","no","no","optional","no","no","no","no","Europe"
"Chevrolet Aveo","Chevrolet","Aveo","Aveo 1.3 VCDi 75 LT 5d 2012","Diesel",9.44026090756942,4,7.12929754892937,"Front",4.31748811353631,4.9416424226093,14.1,4.61512051684126,74,1172,4039,1735,1517,"no","standard","no/optional","no","standard","no","standard","no","no","no","standard","no","standard","USA"
"Chevrolet Camaro","Chevrolet","Camaro","Camaro 6.2 V8 Standard 2d Convertible","Petrol",10.5965097252829,8,8.72615667915661,"Rear",6.06842558824411,6.03787091992214,5.6,5.04342511691925,20,1890,4836,1918,1376,"no","no","no/optional","optional","no","standard","no","no","no","no","no","no","standard","USA"
"Chevrolet Captiva","Chevrolet","Captiva","Captiva 2.2 VCDi 184 4WD LT 5d","Petrol",10.2290071704672,4,7.71020519443253,"4WD",5.21493575760899,5.68697535633982,9.3,4.82028156560504,42,1855,4675,1850,1725,"standard","no","standard","optional","standard","standard","standard","no","no","standard","standard","no","standard","USA"
"Chevrolet Cruze","Chevrolet","Cruze","Cruze 2.0 VCDi LS 4d","Diesel",9.72136597574484,4,7.5963923040642,"Front",4.8283137373023,5.39816270151775,10.3,4.80402104473326,51,1427,4597,1788,1477,"no","standard","standard","no","no","no","no","no","no","standard","standard","no","standard","USA"
"Chevrolet Orlando","Chevrolet","Orlando","Orlando 2.0 VCDi 130 LT 5d","Diesel",9.83333329261292,4,7.5999019592085,"Front",4.86753445045558,5.44673737166631,9.9,4.79579054559674,47,1655,4652,1836,1633,"no","standard","standard","no","no","standard","no","no","no","standard","standard","no","standard","USA"
"Chevrolet Spark","Chevrolet","Spark","Spark 1.2 LS 5d","Petrol",9.1689974084418,4,7.09506437728713,"Front",4.39444915467244,4.39444915467244,12.1,4.62497281328427,55,864,3640,1597,1522,"no","no","no/optional","no","no","no","no","no","no","no","standard","no","optional","USA"
"Chevrolet Volt","Chevrolet","Volt","Volt 1.4 EREV Standard 5d","Petrol",10.4703626421531,4,7.24279792279376,"Front",4.45434729625351,5.605802066296,9,4.59511985013459,235,1732,4498,1787,1439,"no","no","standard","standard","standard","standard","no","no","standard","standard","standard","no","standard","USA"
"Chrysler 300C","Chrysler","300C","300C 3.0 CRD Executive 4d","Diesel",10.5965097252829,6,8.00570067866254,"Rear",5.46383180502561,5.98896141688986,7.4,4.969813299576,39,2117,5066,1902,1488,"standard","standard","standard","standard","standard","standard","standard","standard","standard","standard","standard","standard","standard","USA"
"Chrysler Delta","Chrysler","Delta","Delta 1.4 M-Air 140 SE 5d","Petrol",9.79784922051313,4,7.2211050981825,"Front",4.9416424226093,5.13579843705026,9.2,4.83628190695148,49,1395,4520,1797,1497,"optional","standard","standard","no","optional","optional","optional","no","optional","optional","standard","optional","standard","USA"
"Chrysler Grand Voyager","Chrysler","Grand Voyager","Grand Voyager 2.8 CRD SR 5d","Diesel",10.317086160541,4,7.9291264873068,"Front",5.18178355029209,5.57972982598622,12.8,4.74493212836325,35,2305,5218,1998,1818,"no","no","standard","no","standard","standard","standard","standard","no","standard","standard","optional","standard","USA"
"Chrysler Ypsilon","Chrysler","Ypsilon","Ypsilon 1.2 SE 5d","Petrol",9.39224517527379,4,7.12447826249342,"Front",4.23410650459726,4.31748811353631,14,4.61512051684126,57,965,3842,1676,1520,"no","no","no/optional","no","optional","optional","optional","no","no","optional","standard","no","optional","USA"
"Citroen C1","Citroen","C1","C1 1.0 68 VTR 3d","Petrol",9.10442414638463,3,6.90575327631146,NA,4.21950770517611,4.24849524204936,14.2,4.60517018598809,65,NA,NA,NA,NA,"no","no","no/optional","no","optional","no","no","no","no","no","no","no","optional","Europe"
"Citroen C3","Citroen","C3","C3 1.4 HDi 70 VTR+ 5d","Diesel",9.58809164151683,4,7.24279792279376,"Front",4.24849524204936,4.77068462446567,13.5,4.61512051684126,74,1145,3941,1728,1524,"no","standard","no/optional","no","standard","no","no","no","no","no","standard","optional","optional","Europe"
"Citroen C3 Picasso","Citroen","C3 Picasso","C3 Picasso 1.6 HDi 90 VTR+ 5d","Diesel",9.6417980603586,4,7.35244110024358,"Front",4.49980967033027,5.12989871492307,13.5,4.68213122712422,62,1329,4078,1766,1631,"optional","standard","no/optional","no","standard","optional","standard","no","no","no","standard","no","no","Europe"
"Citroen C4","Citroen","C4","C4 1.6 HDi 110 VTR+ 5d","Diesel",9.8545598789127,4,7.35244110024358,"Front",4.70048036579242,5.29330482472449,11.3,4.77068462446567,61,1440,4329,1789,1491,"optional","standard","no/optional","no","standard","optional","standard","no","no","standard","standard","optional","standard","Europe"
"Citroen C4 Picasso","Citroen","C4 Picasso","C4 Picasso 1.6 e-HDi 115 Airdream VTR+ 5d","Diesel",9.91615695563679,4,7.35244110024358,"Front",4.74493212836325,5.29330482472449,11.8,4.76217393479776,70,1298,4428,1826,1610,"standard","no","no/optional","optional","standard","standard","no","no","no","standard","no","optional","standard","Europe"
"Citroen C5","Citroen","C5","C5 1.6 e-HDi 110 Airdream EGS6 VTR+ NAV 4d","Diesel",10.0076223172681,4,7.35244110024358,"Front",4.70048036579242,5.29330482472449,12.6,4.77068462446567,61,1525,4779,1860,1451,"standard","no","standard","standard","standard","standard","standard","optional","optional","optional","no","standard","standard","Europe"
"Citroen C5 Tourer","Citroen","C5 Tourer","C5 1.6 e-HDi 110 Airdream EGS6 VTR+ NAV 5d Tourer","Diesel",10.0559940242509,NA,NA,NA,NA,NA,0,NA,NA,NA,NA,NA,NA,"no","no","no/optional","standard","no","no","no","optional","optional","no","no","no","standard","Europe"
"Citroen DS3","Citroen","DS3","DS3 1.6 THP 155 DSport 3d","Petrol",9.74390548271166,4,7.37650812632622,"Front",4.74493212836325,5.17614973257383,7.3,4.89034912822175,47,1223,3948,1715,1483,"no","standard","standard","no","no","standard","standard","no","no","no","standard","no","standard","Europe"
"Citroen DS4","Citroen","DS4","DS4 1.6 THP 155 EGS6 DStyle 5d","Petrol",9.97347992435616,4,7.37650812632622,"Front",5.04342511691925,5.17614973257383,9.9,4.89034912822175,43,1420,4275,1810,1523,"standard","standard","standard","standard","standard","standard","standard","no","optional","standard","standard","optional","standard","Europe"
"Citroen DS5","Citroen","DS5","DS5 2.0 HDi Hybrid4 200 Airdream DSign 5d","Diesel",10.2255710517052,4,7.59940133341582,"4WD",5.29831736654804,5.39816270151775,8.3,4.87519732320115,80,1856,4530,1871,1539,"standard","standard","standard","standard","standard","standard","standard","optional","optional","optional","standard","optional","standard","Europe"
"Corvette C6","Corvette","C6","6.2 V8 Convertible LHD","Petrol",11.1340341257971,8,8.72615667915661,"Rear",6.07993319509559,6.04973345523196,4.3,5.2257466737132,21,1460,4435,1844,1246,"no","no","standard","optional","no","standard","standard","standard","standard","no","standard","optional","standard","USA"
"Dacia Duster","Dacia","Duster","Duster 1.5 dCi 110 4x2 Ambiance 5d","Diesel",9.34966743719728,4,7.2868764117507,"Front",4.70048036579242,5.17614973257383,11.8,4.66343909411207,56,1205,4315,1822,1695,"no","no","no/optional","no","standard","no","no","no","no","no","standard","no","optional","Europe"
"Dacia Sandero","Dacia","Sandero","Sandero 1.2 75 Laureate 5d","Petrol",8.98657162526805,4,7.04664727784876,"Front",4.31748811353631,4.35670882668959,14.5,4.57471097850338,47,941,4058,1732,1518,"no","no","no/optional","no","optional","no","standard","no","optional","optional","standard","optional","standard","Europe"
"Ferrari 458","Ferrari","458","458 Italia 4.5 V8 Spider 2d","Petrol",12.2007384439395,8,8.41161042884117,"Rear",6.33150184989369,5.98645200528444,3.4,5.28826703069454,21,1430,4527,1937,1211,"no","standard","standard","standard","standard","standard","optional","optional","standard","optional","standard","optional","standard","Europe"
"Ferrari California","Ferrari","California","California 4.3 V8 30 2d","Petrol",11.9323986666662,8,8.365672383775,"Rear",6.19440539110467,5.91079664404053,3.8,5.26785815906333,21,1600,NA,NA,NA,"standard","standard","standard","no","standard","standard","optional","standard","standard","standard","standard","standard","standard","Europe"
"Ferrari F12","Ferrari","F12","F12 6.3 V12 berlinetta 2d","Petrol",12.3855443119081,12,8.74225490188635,"Rear",6.60665018619822,6.23048144757848,3.1,5.35185813347607,18,NA,4618,1942,1273,"standard","standard","no/optional","standard","standard","standard","standard","standard","standard","standard","standard","standard","standard","Europe"
"Ferrari FF","Ferrari","FF","FF 6.3 V12 4d","Petrol",12.3331765510444,12,8.74225490188635,"4WD",6.49223983502047,6.22059017009974,3.7,5.33753807970132,18,1790,4905,1955,1380,"standard","standard","standard","standard","standard","standard","standard","standard","standard","standard","standard","standard","standard","Europe"
"Fiat 500","Fiat","500","500 1.3 MultiJet 95 Pop 3d","Petrol",9.41735454136051,4,7.12929754892937,"Front",4.55387689160054,5.01063529409626,11.7,4.70953020131233,72,980,3546,1627,1488,"no","no","no/optional","no","optional","optional","no","no","optional","optional","standard","no","optional","Europe"
"Fiat 500 Abarth","Fiat","500 Abarth","Abarth 500 1.4 T-Jet 160 595 Turismo 3d","Petrol",9.78273135140033,4,7.2211050981825,"Front",5.07517381523383,5.12989871492307,7.4,4.87519732320115,43,1075,3660,1630,1490,"no","no","no/optional","optional","standard","optional","no","no","optional","standard","standard","optional","standard","Europe"
"Fiat 500L","Fiat","500L","500L 0.9 TwinAir 105 Easy 5d","Petrol",9.71050941555364,2,6.77422388635761,"Front",4.65396035015752,4.66343909411207,12.3,4.71849887129509,58,1260,4147,1784,1667,"optional","standard","no/optional","no","standard","optional","standard","no","no","standard","standard","no","standard","Europe"
"Fiat Bravo","Fiat","Bravo","Bravo Series 2 1.4 MultiAir 140 Easy 5d","Petrol",9.75846178048587,4,7.2211050981825,"Front",4.9416424226093,5.12989871492307,8.9,4.83628190695148,49,1275,4336,1792,1498,"optional","standard","no/optional","no","standard","optional","optional","no","optional","optional","standard","no","standard","Europe"
"Fiat Doblo","Fiat","Doblo","Doblo 1.6 MultiJet 105 Active 2010 5d","Diesel",9.6614159913364,4,7.37650812632622,"Front",4.65396035015752,5.36129216570943,13.4,4.62497281328427,54,1410,4390,1832,1845,"no","standard","no/optional","no","no","no","no","no","no","no","standard","no","standard","Europe"
"Fiat Panda","Fiat","Panda","Panda 0.9 TwinAir 85 Lounge 5d","Petrol",9.32812340763257,2,6.77422388635761,"Front",4.44265125649032,4.66343909411207,11.2,4.70048036579242,67,1050,3653,1643,1551,"no","no","no/optional","optional","optional","optional","no","no","no","optional","standard","optional","optional","Europe"
"Fiat Punto Evo","Fiat","Punto Evo","Punto 1.4 MultiAir Abarth 3d","Petrol",9.76967040480179,4,7.2211050981825,"Front",5.10594547390058,5.21493575760899,7.9,4.88280192258637,47,1100,4064,1726,1490,"no","standard","no/optional","no","standard","optional","standard","no","no","no","standard","no","standard","Europe"
"Ford B-Max","Ford","B-Max","B-Max 1.5 TDCi 75 Zetec 5d","Diesel",9.74067446213022,4,7.31055015853442,"Front",4.31748811353631,4.9416424226093,16.5,4.58496747867057,68,NA,NA,NA,NA,"no","standard","standard","no","standard","no","no","no","no","optional","standard","no","standard","USA"
"Ford C-Max","Ford","C-Max","C-Max 1.6 TDCi 115 Titanium 5d","Diesel",9.93764740418283,4,7.35244110024358,"Front",4.74493212836325,5.29330482472449,11.3,4.7361984483945,61,1390,4380,1828,1626,"standard","standard","standard","no","standard","standard","standard","no","no","optional","standard","optional","standard","USA"
"Ford Fiesta","Ford","Fiesta","Fiesta 1.0 80 Titanium 5d","Petrol",9.60541838719786,3,6.90675477864855,"Front",4.38202663467388,4.34380542185368,14.9,4.63472898822964,65,1045,3969,1722,1468,"standard","standard","standard","no","optional","standard","standard","no","optional","optional","standard","no","standard","USA"
"Ford Focus","Ford","Focus","Focus 2.0 TDCi 140 Zetec 2011 5d","Diesel",9.89822372286103,4,7.59940133341582,"Front",4.9416424226093,5.46383180502561,8.9,4.85981240436167,56,1421,4358,1823,1484,"no","standard","standard","optional","standard","no","no","no","no","optional","standard","optional","standard","USA"
"Ford Focus Estate","Ford","Focus Estate","Focus 2.0 TDCi 140 Zetec 2011 5d Est","Diesel",9.95203959311829,4,7.59940133341582,"Front",4.9416424226093,5.46383180502561,9.1,4.85981240436167,56,1460,4556,1823,1505,"no","standard","standard","optional","standard","no","no","no","no","optional","standard","optional","standard","USA"
"Ford Focus ST","Ford","Focus ST","Focus 2.0T 250 ST 5d Est","Petrol",10.0473714228647,4,7.6004023345004,"Front",5.52146091786225,5.52146091786225,6.5,5.03695260241363,39,1386,4566,1823,1505,"no","standard","standard","no","no","no","no","no","no","no","standard","no","standard","USA"
"Ford Galaxy","Ford","Galaxy","Galaxy 2.0 TDCi 163 Titanium 2010 5d","Diesel",10.219939280984,4,7.59940133341582,"Front",5.09375020080676,5.52146091786225,9.5,4.83628190695148,49,1733,4820,1884,1764,"standard","standard","standard","optional","standard","standard","standard","optional","optional","standard","standard","optional","standard","USA"
"Ford Kuga","Ford","Kuga","Kuga 2.0 TDCi 140 FWD Titanium X 5d","Diesel",10.195970581929,4,7.59940133341582,"Front",4.9416424226093,5.52146091786225,10.6,4.77068462446567,53,NA,4524,1838,1702,"standard","standard","standard","no","standard","standard","standard","standard","standard","optional","standard","optional","standard","USA"
"Ford Mondeo","Ford","Mondeo","Mondeo 2.0 TDCi 163 Zetec Business Edition 5d","Diesel",9.98943586467249,4,NA,"Front",NA,NA,0,NA,NA,NA,4882,1886,1500,"optional","standard","no/optional","optional","no","no","standard","no","no","standard","standard","standard","standard","USA"
"Ford S-MAX","Ford","S-MAX","S-Max 2.0 203 Ecoboost Titanium 2010 5d","Petrol",10.1509333963733,4,7.6004023345004,"Front",5.31320597904179,5.39816270151775,8.2,4.91998092582813,34,1676,4768,1884,1658,"standard","standard","standard","standard","standard","standard","standard","no","optional","standard","standard","optional","standard","USA"
"Honda Accord","Honda","Accord","Accord 2.2 i-DTEC ES GT 5d Tourer","Diesel",10.1901691246543,4,7.69575799055476,NA,5.01063529409626,5.55295958492162,9.8,4.85203026391962,51,1598,4750,1840,1470,"no","standard","standard","optional","standard","standard","standard","no","no","no","standard","no","standard","Asia"
"Honda Civic","Honda","Civic","Civic 2.2 i-DTEC ES 5d","Diesel",9.97557562893038,4,7.69575799055476,"Front",5.01063529409626,5.55295958492162,8.5,4.90527477843843,67,1367,4300,1770,1470,"standard","standard","standard","no","standard","standard","standard","no","no","no","standard","optional","standard","Asia"
"Honda CR-V","Honda","CR-V","CR-V 2.2 i-DTEC 4WD SE 5d","Diesel",10.1698821458447,4,7.69575799055476,"4WD",5.01063529409626,5.55295958492162,9.7,4.77068462446567,50,1653,4570,1820,1685,"standard","standard","standard","optional","standard","standard","standard","no","no","standard","standard","optional","standard","Asia"
"Honda CR-Z","Honda","CR-Z","CR-Z 1.5 hybrid 137 GT 3d","Petrol",10.0454210484248,4,7.31121838441963,"Front",4.91998092582813,4.9416424226093,9.5,4.82028156560504,54,NA,4075,1740,1395,"standard","standard","no/optional","no","standard","standard","standard","no","standard","standard","standard","optional","standard","Asia"
"Honda Insight","Honda","Insight","Insight 1.3 hybrid HS 5d","Petrol",9.92009881834132,4,7.19967834569117,"Front",4.58496747867057,4.81218435537242,12.5,4.72738781871234,65,1243,4395,1695,1435,"standard","standard","no/optional","standard","optional","standard","standard","no","no","standard","standard","optional","standard","Asia"
"Honda Jazz","Honda","Jazz","Jazz 1.4 i-VTEC ES-T 2012 5d","Petrol",9.59865932124938,4,7.19967834569117,"Front",4.58496747867057,4.54329478227,11.8,4.72738781871234,50,1112,3900,1695,1525,"no","standard","standard","optional","standard","standard","no","no","no","no","standard","standard","standard","Asia"
"Hyundai i10","Hyundai","i10","i10 1.0 66 Blue Drive SE 5d","Petrol",9.1689974084418,3,6.90575327631146,"Front",4.18965474202643,4.23410650459726,15.1,4.56434819146784,65,933,3665,1660,1500,"no","no","no/optional","no","no","standard","no","no","no","no","standard","no","standard","Asia"
"Hyundai i20","Hyundai","i20","i20 1.4 Active 5d","Petrol",9.40054742304413,4,7.24136628332232,"Front",4.59511985013459,4.61512051684126,12.9,4.66343909411207,54,1156,3995,1710,1490,"no","standard","no/optional","optional","standard","no","no","no","no","no","standard","no","standard","Asia"
"Hyundai i30","Hyundai","i30","i30 1.4 CRDi 90 Active 5d","Petrol",9.75527752537094,4,7.24136628332232,"Front",4.48863636973214,5.08759633523238,13.5,4.66343909411207,68,1401,4300,1780,1470,"no","standard","no/optional","no","standard","no","standard","no","optional","standard","standard","no","standard","Asia"
"Hyundai i40","Hyundai","i40","i40 1.7 CRDi 136 Style 4d","Diesel",9.95203959311829,4,7.42952084278646,"Front",4.91265488573605,5.48063892334199,10.6,4.82028156560504,55,1601,4740,1815,1470,"no","standard","no/optional","optional","standard","standard","standard","no","no","standard","standard","standard","standard","Asia"
"Hyundai i800","Hyundai","i800","i800 2.5 CRDi","Diesel",9.95963156315417,4,7.82284529027977,"Front",5.12396397940326,5.66642668811243,14.5,4.71849887129509,33,2270,5125,1920,1925,"no","no","standard","no","no","no","no","no","optional","standard","standard","optional","standard","Asia"
"Hyundai ix20","Hyundai","ix20","ix20 1.4 CRDi 90 Active 5d","Diesel",9.57810361290034,4,7.24136628332232,"Front",4.48863636973214,5.08759633523238,14.5,4.64439089914137,65,1268,4100,1765,1600,"no","standard","standard","no","standard","no","no","no","no","standard","standard","optional","standard","Asia"
"Hyundai ix35","Hyundai","ix35","ix35 2.0 CRDi 136 4WD Style 5d","Diesel",9.93547059838918,4,7.59839932932396,"4WD",4.89783979995091,5.46383180502561,10.2,4.71849887129509,49,1679,4410,1820,1660,"no","standard","standard","no","standard","no","no","no","no","standard","standard","no","standard","Asia"
"Hyundai Santa Fe","Hyundai","Santa Fe","Santa Fe 2.2 CRDi 4WD Style 5d 7st","Diesel",10.2433469035463,4,7.69575799055476,"4WD",5.28320372873799,5.73979291217923,9.8,4.77068462446567,46,NA,4690,1820,1865,"no","standard","standard","optional","standard","no","no","no","no","standard","standard","no","standard","Asia"
"Hyundai Veloster","Hyundai","Veloster","Veloster 1.6 GDI Sport 4d","Petrol",9.92793623293844,4,7.37211802833779,"Front",4.92725368515721,4.81218435537242,9.7,4.8283137373023,43,1236,4220,1790,1399,"no","standard","standard","optional","standard","standard","standard","no","standard","standard","standard","optional","standard","Asia"
"Infiniti EX","Infiniti","EX","EX37 3.7 V6 GT 5d","Petrol",10.6437568401648,6,8.21500643276157,"4WD",5.76832099579377,5.57972982598622,6.4,5.00394630594546,25,1876,4635,1800,1600,"standard","standard","standard","standard","standard","standard","standard","standard","standard","standard","standard","standard","standard","Asia"
"Infiniti FX","Infiniti","FX","FX37 3.7 V6 Premium 5d","Petrol",10.8434948110276,6,8.21500643276157,"4WD",5.76832099579377,5.57972982598622,6.8,5.00394630594546,23,2012,4865,1925,1680,"standard","standard","standard","standard","standard","standard","standard","no","no","standard","standard","standard","standard","Asia"
"Infiniti G37","Infiniti","G37","G37 Coupe 3.7 V6 S 2d","Petrol",10.5518204048062,6,8.21500643276157,"Rear",5.76832099579377,5.57972982598622,5.9,5.04342511691925,26,1718,4655,1820,1387,"standard","standard","no/optional","standard","standard","standard","standard","standard","no","standard","standard","no","standard","Asia"
"Infiniti M","Infiniti","M","M37 GT Premium 4d","Petrol",10.6930806313643,6,8.21500643276157,"Rear",5.76832099579377,5.57972982598622,6.2,5.04342511691925,27,1715,4945,1845,1500,"standard","standard","standard","standard","standard","standard","standard","standard","standard","standard","standard","standard","standard","Asia"
"Jaguar F-Type","Jaguar","F-Type","F-Type 3.0 V6 SC 380 S 2d","Petrol",11.1201791292698,6,8.00469951054955,"Rear",5.94017125272043,5.82600010738045,4.9,5.14166355650266,31,1614,4470,1923,1308,"optional","standard","standard","standard","standard","standard","standard","standard","standard","standard","standard","standard","standard","Europe"
"Jaguar XF","Jaguar","XF","XF 3.0D 240 Premium Luxury 4d","Diesel",10.599256293801,6,8.0040315078527,"Rear",5.48063892334199,5.91079664404053,7.1,5.00394630594546,47,1770,4961,1877,1460,"standard","standard","standard","standard","standard","standard","standard","standard","standard","standard","standard","standard","standard","Europe"
"Jaguar XF Sportbrake","Jaguar","XF Sportbrake","XF Sportbrake 2.2D 200 Premium Luxury 5d est","Petrol",10.5888545457771,4,7.68662133494462,"Rear",5.29831736654804,5.80513496891649,8.8,4.89783979995091,55,1824,4966,1877,1480,"standard","standard","standard","standard","standard","standard","standard","standard","standard","standard","standard","standard","standard","Europe"
"Jaguar XFR","Jaguar","XFR","XF 5.0 V8 S/C 510 XFR 4d","Petrol",11.0879716802782,8,8.51719319141624,"Rear",6.23441072571837,6.13339804299665,4.9,5.04342511691925,25,1875,4961,1877,1460,"standard","standard","standard","standard","standard","standard","standard","standard","standard","standard","standard","standard","standard","Europe"
"Jaguar XJ Series","Jaguar","XJ Series","XJ L 3.0 S/C 340 Portfolio 4d","Petrol",11.236051441235,6,8.00469951054955,"Rear",5.82894561761021,5.80513496891649,5.9,5.04342511691925,30,1799,5252,1899,1457,"no","standard","standard","standard","standard","standard","standard","standard","standard","standard","standard","standard","standard","Europe"
"Jaguar XK","Jaguar","XK","XK 5.0 V8 SC XKR 2d Coupe","Petrol",11.2714906436838,8,8.51719319141624,"Rear",6.23441072571837,6.13339804299665,4.6,5.04342511691925,23,1753,NA,NA,NA,"standard","standard","standard","standard","standard","standard","standard","standard","standard","standard","standard","standard","standard","Europe"
"Jeep Compass","Jeep","Compass","Compass 2.4 CVT 4x4 Limited 5d","Petrol",10.0127902874266,4,7.76641689801966,"4WD",5.12396397940326,5.08759633523238,10.7,4.75359019110636,32,1530,4448,1812,1663,"no","no","standard","no","standard","standard","standard","standard","standard","no","standard","optional","standard","USA"
"Jeep Grand Cherokee","Jeep","Grand Cherokee","Grand cherokee 3.0 V6 CRD 247 Overland 5d","Diesel",10.7297441617063,6,8.00202481821611,"4WD",5.50938833662798,6.04025471127741,8.2,4.83628190695148,37,2328,4828,1943,1792,"standard","standard","no/optional","standard","standard","no","standard","standard","standard","standard","standard","standard","standard","USA"
"Jeep Wrangler","Jeep","Wrangler","Wrangler 2.8 CRD Sahara auto 2d","Diesel",10.1656594908178,4,7.9291264873068,"4WD",5.28320372873799,5.82600010738045,12.9,4.67282883446191,34,2075,4223,1873,1840,"no","no","standard","standard","standard","no","standard","no","no","no","standard","optional","standard","USA"
"Kia Cee'd","Kia","Cee'd","cee'd 1.6 CRDi 126 ISG 2 5d Sportswagon","Diesel",9.86760127397172,4,7.3664451483276,"Front",4.83628190695148,5.25749537202778,10.8,4.78749174278205,64,1420,4505,1780,1485,"no","standard","standard","optional","standard","no","standard","no","no","standard","standard","no","standard","Asia"
"Kia Optima","Kia","Optima","Optima 1.7 CRDi 134 2 Luxe 4d","Diesel",9.98483709823245,4,7.42952084278646,"Front",4.89783979995091,5.47646355193151,10.2,4.8283137373023,57,1559,4845,1830,1455,"standard","standard","standard","optional","standard","standard","standard","standard","standard","standard","standard","no","standard","Asia"
"Kia Picanto","Kia","Picanto","Picanto 1.0 City 3d","Petrol",9.234545060673,3,6.90575327631146,"Front",4.21950770517611,4.24849524204936,13.9,4.55387689160054,67,1015,3595,1595,1480,"standard","standard","no/optional","no","standard","no","no","no","no","standard","standard","no","standard","Asia"
"Kia Rio","Kia","Rio","Rio 1.1 CRDi EcoDynamics 1 Air 5d","Diesel",9.44896349413878,3,7.02108396428914,"Front",4.30406509320417,4.8283137373023,15.5,4.58496747867057,78,1191,4045,1720,1455,"no","no","no/optional","no","no","no","no","no","no","no","standard","no","standard","Asia"
"Kia Sorento","Kia","Sorento","Sorento 2.2 CRDi 194 KX-2 5d","Diesel",10.2714238487519,4,7.69575799055476,"4WD",5.26785815906333,5.73979291217923,9.4,4.77068462446567,47,NA,4685,1895,1735,"standard","standard","no/optional","optional","no","standard","standard","no","no","standard","standard","optional","standard","Asia"
"Kia Soul","Kia","Soul","Soul 1.6 GDi Quantum 5d","Petrol",9.65502619323763,4,7.37211802833779,"Front",4.92725368515721,4.80402104473326,10,4.71849887129509,44,1245,4120,1785,1610,"no","no","no/optional","no","standard","standard","no","no","standard","standard","standard","no","standard","Asia"
"Kia Sportage","Kia","Sportage","Sportage 2.0 AWD KX-2 5d","Petrol",9.97743479748821,4,7.5999019592085,"4WD",5.08140436498446,4.96284463025991,10.3,4.72738781871234,37,1525,4440,1855,1645,"no","standard","no/optional","optional","standard","no","standard","no","no","standard","standard","no","standard","Asia"
"Kia Venga","Kia","Venga","Venga 1.4 CRDi 89 1 Air 5d","Diesel",9.52478608169718,4,7.24136628332232,"Front",4.48863636973214,5.08759633523238,14,4.63472898822964,62,1345,4068,1765,1600,"no","standard","standard","no","no","no","no","no","no","no","standard","no","standard","Asia"
"Lamborghini Aventador","Lamborghini","Aventador","Aventador 6.5 V12 LP700-4 2d","Petrol",12.4907439401356,12,8.77924971622905,"4WD",6.5510803350434,6.23244801655052,2.9,5.37989735354046,17,1575,4780,2030,1136,"standard","standard","standard","standard","standard","standard","standard","no","standard","standard","standard","standard","standard","Europe"
"Lamborghini Gallardo","Lamborghini","Gallardo","Gallardo 5.2 V10 LP 560-4 2d Spyder","Petrol",12.0491088459225,10,8.5571828396324,"4WD",6.32793678372919,5.98645200528444,4,5.30330490805908,19,NA,NA,NA,NA,"no","no","no/optional","no","no","no","no","no","no","no","no","no","no","Europe"
"Land Rover Defender","Land Rover","Defender","Defender 2.2D County 5d 110","Diesel",10.2468999362413,4,7.69530313496357,"4WD",4.80402104473326,5.57972982598622,14.7,4.49980967033027,25,2120,4785,1790,1790,"no","no","no/optional","no","optional","no","no","no","no","no","no","no","no","Europe"
"Land Rover Discovery 4","Land Rover","Discovery 4","Discovery 4 3.0 SDV6 255 XS 5d 2012","Diesel",10.696366939495,6,8.0040315078527,"4WD",5.54517744447956,6.09356977004514,8.8,4.71849887129509,32,2583,4829,NA,1887,"no","standard","standard","standard","standard","standard","standard","no","standard","standard","standard","standard","standard","Europe"
"Land Rover Freelander 2","Land Rover","Freelander 2","Freelander 2 2.2 eD4 150 Dynamic 5d","Diesel",10.3828225092107,4,7.68662133494462,"Front",5.01063529409626,5.73657229747919,11.7,4.71849887129509,47,1710,4500,2005,1740,"standard","standard","no/optional","no","no","standard","standard","standard","standard","standard","standard","no","standard","Europe"
"Land Rover Range Rover","Land Rover","Range Rover","Range Rover 4.4 SDV8 Vogue SE 5d","Diesel",11.3468118470205,8,8.38183155348556,"4WD",5.82600010738045,6.24610676548156,6.5,4.90527477843843,32,2360,4999,2073,1835,"standard","standard","standard","standard","standard","standard","standard","standard","standard","standard","standard","standard","standard","Europe"
"Land Rover Range Rover Evoque","Land Rover","Range Rover Evoque","Evoque 2.2 eD4 150 2WD Prestige 5d","Diesel",10.5049305438857,4,7.68662133494462,"Front",5.01063529409626,5.63478960316925,10.6,4.71849887129509,56,NA,4365,1965,1635,"standard","no","no/optional","no","standard","standard","standard","standard","standard","standard","no","standard","standard","Europe"
"Land Rover Range Rover Sport","Land Rover","Range Rover Sport","Range Rover Sport 3.0 SDV6 HSE Dynamic 5d","Diesel",11.0820656228421,6,8.0040315078527,"4WD",5.67675380226828,6.0913098820777,6.8,4.86753445045558,37,2115,4850,2073,1780,"no","standard","standard","standard","standard","standard","standard","standard","standard","standard","standard","standard","standard","Europe"
"Lexus CT 200h","Lexus","CT 200h","CT 200h Luxury 5d","Petrol",10.1656594908178,4,7.49443021503157,"Front",4.91265488573605,4.64439089914137,10.3,4.70953020131233,68,1370,4320,1765,1430,"no","standard","standard","standard","standard","standard","standard","no","standard","standard","standard","optional","standard","Asia"
"Lexus GS","Lexus","GS","GS 300h Premier 4d","Petrol",10.6861325995404,4,7.82164312623998,"Rear",5.39362754635236,5.09375020080676,9.2,4.77912349311153,57,1730,4850,1840,1455,"no","no","no/optional","standard","no","no","no","no","no","no","no","no","no","Asia"
"Lexus IS","Lexus","IS","IS 5.0 V8 F","Petrol",10.9753451038954,8,8.51097389160232,"Rear",6.0330862217988,5.91889385427315,4.8,5.12396397940326,24,1700,4660,1815,1405,"no","standard","standard","standard","standard","standard","standard","standard","standard","standard","standard","standard","standard","Asia"
"Lexus RX","Lexus","RX","RX 450h Luxury 5d","Petrol",10.7892159788276,6,8.14786712992395,"4WD",5.68697535633982,5.4510384535657,7.8,4.82028156560504,44,2110,4770,1885,1755,"standard","standard","standard","standard","standard","standard","standard","standard","standard","standard","standard","standard","standard","Asia"
"Lotus Elise","Lotus","Elise","Elise 0.0 S 2d","Petrol",10.4968143978139,4,NA,"Rear",NA,NA,0,NA,NA,876,3785,1850,1117,"no","no","standard","no","no","no","no","no","optional","no","no","no","no","Europe"
"Lotus Evora","Lotus","Evora","Evora 3.5 S 2d","Petrol",11.0112247489812,6,8.14786712992395,"Rear",5.84354441703136,5.68697535633982,4.6,5.14749447681345,28,1436,4360,1850,1229,"no","standard","no/optional","optional","optional","no","optional","no","standard","optional","standard","no","standard","Europe"
"Lotus Exige S","Lotus","Exige S","Exige S 3.5 V6 Standard 2d","Petrol",10.8761586178464,6,8.14786712992395,"Rear",5.84354441703136,5.68697535633982,4,5.13579843705026,28,NA,4050,1800,1150,"no","no","no/optional","no","no","no","no","no","no","no","no","no","no","Europe"
"Maserati GranTurismo","Maserati","GranTurismo","GranTurismo 4.7 460 Sport 2d","Petrol",11.4158637521271,8,8.45340105832846,"Rear",6.13122648948314,5.94803498918065,4.8,5.22035582507832,19,1880,4881,1915,1353,"standard","no","standard","standard","standard","standard","standard","no","no","standard","standard","standard","standard","Europe"
"Maserati Quattroporte","Maserati","Quattroporte","Quattroporte 3.0 TT V6 4d","Petrol",11.2906565310667,6,8.00536706731666,"Rear",6.01615715969835,6.00388706710654,4.9,5.17614973257383,26,1900,5262,1948,1481,"standard","standard","standard","standard","no","standard","standard","no","standard","standard","standard","standard","standard","Europe"
"Mazda CX-5","Mazda","CX-5","CX-5 2.2 SKYACTIV-D 150 4WD SE-L 5d","Diesel",10.1143560729747,4,7.69211333959547,"4WD",5.01063529409626,5.63478960316925,9.4,4.80402104473326,54,1605,4555,1840,1710,"standard","standard","standard","optional","standard","no","standard","no","no","standard","standard","optional","standard","Asia"
"Mazda Mazda3","Mazda","Mazda3","Mazda3 2.2 150 SKYACTIV-D SE 4d","Petrol",9.86500656571785,4,7.69211333959547,"Front",5.01063529409626,5.63478960316925,8,4.88280192258637,72,NA,4585,1795,1450,"no","standard","no/optional","no","standard","no","no","no","no","no","standard","optional","standard","Asia"
"Mazda MX-5","Mazda","MX-5","MX-5 2.0 160 Sport Tech 2d soft-top","Petrol",9.97557562893038,4,NA,"Rear",5.07517381523383,4.92725368515721,7.6,4.88280192258637,36,NA,NA,NA,NA,"no","no","standard","no","standard","standard","standard","no","standard","no","standard","optional","standard","Asia"
"McLaren MP4-12C","McLaren","MP4-12C","12C 3.8 V8 TT 625 Standard 2d","Petrol",12.0782392740203,8,8.24249315318763,"Rear",6.4377516497364,6.0913098820777,3.1,5.33271879326537,24,1336,4509,1908,1199,"standard","standard","standard","standard","standard","standard","standard","standard","standard","no","standard","standard","standard","Europe"
"Mercedes-Benz A-Class","Mercedes-Benz","A-Class","A 200 BlueEfficiency AMG Sport 5d","Petrol",10.0864339140989,4,7.37462901521894,"Front",5.04985600724954,5.21493575760899,8.4,4.93447393313069,49,NA,4292,1780,1433,"no","standard","standard","optional","standard","optional","standard","optional","no","optional","standard","optional","standard","Europe"
"Mercedes-Benz B-Class","Mercedes-Benz","B-Class","B 180 CDI Sport 5d","Diesel",10.0587804369422,4,7.49331724886215,"Front",4.69134788222914,5.21493575760899,10.9,4.77068462446567,61,1475,4359,1786,1558,"standard","no","no/optional","optional","standard","no","no","no","optional","standard","no","optional","standard","Europe"
"Mercedes-Benz C-Class","Mercedes-Benz","C-Class","C 200 CDI BlueEfficiency AMG Sport Plus 4d","Petrol",10.3205517964876,4,7.66996199547358,"Rear",4.91265488573605,5.57972982598622,9.2,4.90527477843843,57,1565,4591,1770,1447,"standard","standard","no/optional","optional","standard","standard","standard","standard","standard","standard","standard","optional","standard","Europe"
"Mercedes-Benz C63 AMG","Mercedes-Benz","C63 AMG","C 63 AMG 4d","Petrol",10.9433224705017,8,8.73359406186306,"Rear",6.12468339089421,6.0913098820777,4.5,5.04342511691925,23,1730,4591,1770,1447,"standard","standard","no/optional","standard","standard","standard","standard","standard","standard","standard","standard","optional","standard","Europe"
"Mercedes-Benz CL-Class","Mercedes-Benz","CL-Class","CL 63 AMG 2d","Petrol",11.6584101317122,8,8.60538720215215,"Rear",6.29894924685594,6.38012253689976,4.6,5.04342511691925,26,2135,5095,1871,1419,"standard","standard","standard","standard","standard","standard","standard","standard","standard","standard","standard","standard","standard","Europe"
"Mercedes-Benz CLS Shooting Brake","Mercedes-Benz","CLS Shooting Brake","CLS 250 CDI BlueEfficiency AMG Sport 5d Shooting Brake","Diesel",10.9330176800168,4,7.66996199547358,"Rear",5.31811999384422,5.90808293816893,7.8,4.98360662170834,53,NA,4956,1881,1416,"standard","standard","standard","standard","standard","standard","standard","no","standard","standard","standard","standard","standard","Europe"
"Mercedes-Benz CLS-Class","Mercedes-Benz","CLS-Class","CLS 350 CDI BlueEfficiency AMG Sport 2d Coupe","Diesel",10.9010817354743,6,7.99530662029082,"Rear",5.57972982598622,6.12468339089421,6.2,5.04342511691925,46,NA,4940,1881,1416,"standard","standard","standard","standard","standard","standard","standard","no","standard","standard","standard","standard","standard","Europe"
"Mercedes-Benz E-Class","Mercedes-Benz","E-Class","E 250 AMG Sport 4d","Petrol",10.535291102855,4,7.5963923040642,"Rear",5.35185813347607,5.55295958492162,7.4,5.01727983681492,47,1680,4879,1854,1474,"standard","standard","standard","standard","standard","standard","standard","no","standard","standard","standard","standard","standard","Europe"
"Mercedes-Benz E-Class Coupe","Mercedes-Benz","E-Class Coupe","E 250 CDI AMG Sport 2d Coupe","Diesel",10.6147202006425,4,7.66996199547358,"Rear",5.31811999384422,5.90808293816893,7.3,5.03043792139244,57,1735,4703,1786,1397,"standard","standard","standard","standard","standard","standard","standard","no","standard","standard","standard","standard","standard","Europe"
"Mercedes-Benz E63 AMG","Mercedes-Benz","E63 AMG","E 63 AMG 4d","Petrol",11.2080294117838,8,8.60538720215215,"Rear",6.32256523992728,6.27476202124194,4.2,5.04342511691925,28,1845,4879,1854,1474,"standard","standard","standard","standard","standard","standard","standard","no","standard","standard","standard","standard","standard","Europe"
"Mercedes-Benz G","Mercedes-Benz","G-Class","G 350 BlueTec Standard 5d","Diesel",11.3259330165264,6,8.00202481821611,"4WD",5.35185813347607,5.98645200528444,9.1,4.68213122712422,25,2500,4662,1760,1951,"no","no","standard","standard","standard","standard","standard","no","standard","standard","standard","standard","standard","Europe"
"Mercedes-Benz GL-Class","Mercedes-Benz","GL-Class","GL 350 BlueTEC AMG Sport 5d","Diesel",10.9931431831613,6,8.00202481821611,"4WD",5.55295958492162,6.12468339089421,7.9,4.91998092582813,35,2455,5120,1934,1850,"no","no","no/optional","standard","no","no","no","no","no","no","no","standard","no","Europe"
"Mercedes-Benz M-Class","Mercedes-Benz","M-Class","ML 350 BlueTec Sport 5d","Diesel",10.7660610019043,6,8.00202481821611,"4WD",5.55295958492162,6.12468339089421,7.4,4.93447393313069,39,2175,4804,1926,1796,"standard","standard","standard","standard","standard","standard","standard","standard","standard","standard","standard","standard","standard","Europe"
"Mercedes-Benz R-Class","Mercedes-Benz","R-Class","R 300 CDI BlueEfficiency 2WD Standard 5d","Diesel",10.6443528943042,6,8.00202481821611,"Rear",5.24702407216049,5.78074351579233,9.5,4.89783979995091,37,2110,4922,1922,1674,"standard","standard","standard","standard","standard","standard","standard","standard","standard","standard","standard","standard","standard","Europe"
"Mercedes-Benz S-Class","Mercedes-Benz","S-Class","S 400 Hybrid L AMG Line 4d","Petrol",11.2210345477444,6,8.15994665557855,"Rear",5.72358510195238,5.605802066296,6.8,5.04342511691925,44,1945,NA,NA,NA,"standard","standard","standard","standard","standard","standard","standard","standard","standard","standard","standard","standard","standard","Europe"
"Mercedes-Benz SL 63","Mercedes-Benz","SL 63","SL 63 V8 AMG 2d","Petrol",11.6153466650694,8,8.60538720215215,"Rear",6.28599809450886,6.38012253689976,4.3,5.04342511691925,28,1845,4617,1877,1315,"standard","standard","standard","standard","standard","standard","standard","standard","standard","standard","standard","standard","standard","Europe"
"Mercedes-Benz SL-Class","Mercedes-Benz","SL-Class","SL 500 2d","Petrol",11.3325420288065,8,8.44741429680832,"Rear",6.07534603108868,6.24610676548156,4.6,5.04342511691925,30,1785,4617,1877,1315,"standard","standard","standard","standard","standard","standard","standard","standard","standard","standard","standard","standard","standard","Europe"
"Mercedes-Benz SLK","Mercedes-Benz","SLK","SLK 250 BlueEfficiency Sport 2d","Petrol",10.5532051751687,4,7.49331724886215,"Rear",5.31811999384422,5.42934562895444,6.5,5.02388052084628,40,1475,4134,1810,1301,"standard","standard","standard","optional","standard","no","no","optional","standard","optional","standard","optional","standard","Europe"
"Mercedes-Benz SLS","Mercedes-Benz","SLS","SLS 6.3 V8 AMG 2d Roadster","Petrol",12.0833116151922,8,8.73359406186306,"Rear",6.34738920965601,6.17170059741091,3.8,5.27811465923052,21,1620,4638,1939,1262,"standard","standard","standard","standard","standard","standard","standard","standard","standard","standard","standard","standard","standard","Europe"
"Mini Clubman","Mini","Clubman","MINI Clubman 1.6D 112 Cooper D 2010 5d","Diesel",9.74800264969573,4,7.37650812632622,"Front",4.71849887129509,5.29330482472449,10.2,4.80402104473326,72,1185,3961,1683,1426,"optional","standard","standard","optional","optional","optional","no","no","optional","optional","standard","optional","standard","Europe"
"Mini Convertible","Mini","Convertible","MINI Convertible 1.6D 112 Cooper D 2010 2d","Diesel",9.81520263766856,4,7.37650812632622,"Front",4.71849887129509,4.77912349311153,10.3,4.78749174278205,70,1200,3723,1683,1414,"optional","standard","standard","optional","optional","optional","no","no","no","standard","standard","optional","standard","Europe"
"Mini Countryman","Mini","Countryman","MINI Countryman 1.6D 112 ALL4 Cooper D 5d","Diesel",9.91837616502988,4,7.37650812632622,"4WD",4.71849887129509,5.29330482472449,11.6,4.71849887129509,57,1305,4097,1789,1561,"optional","standard","standard","optional","standard","optional","no","no","optional","standard","standard","optional","standard","Europe"
"Mini Coupe","Mini","Coupe","MINI Coupe 1.6T Cooper S 3d","Petrol",9.89217379263586,4,7.37650812632622,"Front",5.21493575760899,5.25749537202778,6.9,4.96284463025991,48,NA,3734,1683,1378,"no","standard","no/optional","no","optional","no","no","no","no","standard","standard","optional","standard","Europe"
"Mini John Cooper Works","Mini","John Cooper Works","MINI Roadster 1.6T 211 John Cooper Works 2d","Petrol",10.1206130315248,4,7.37650812632622,"Front",5.35185813347607,5.33271879326537,6.5,4.99043258677874,38,NA,3758,1683,1391,"no","standard","no/optional","no","optional","optional","no","no","no","standard","standard","optional","standard","Europe"
"Mini Roadster","Mini","Roadster","MINI Roadster 1.6T 184 Cooper S 2d","Petrol",9.9475044379529,4,7.37650812632622,"Front",5.21493575760899,5.25749537202778,7,4.94875989037817,47,NA,3734,1683,1390,"no","standard","no/optional","no","optional","optional","no","no","no","standard","standard","optional","standard","Europe"
"Mitsubishi ASX","Mitsubishi","ASX","ASX 1.8 DiD 3 5d","Diesel",9.94145748378776,4,7.49443021503157,"Front",4.99721227376411,5.39816270151775,9.7,4.82028156560504,51,1450,4295,1770,1625,"standard","standard","no/optional","no","standard","standard","standard","no","no","no","standard","no","standard","Asia"
"Mitsubishi i-MiEV","Mitsubishi","i-MiEV","i EV i-MiEV 5d",NA,10.2766016304266,0,NA,"Front",4.15888308335967,4.88280192258637,15.9,4.51085950651685,NA,1110,3475,1475,1610,"standard","no","standard","standard","optional","no","no","no","no","no","no","optional","standard","Asia"
"Mitsubishi Mirage","Mitsubishi","Mirage","Mirage 1.2 2 5d","Petrol",9.31054763239321,3,7.08422642209792,"Front",4.36944785246702,4.35670882668959,11.7,4.71849887129509,68,845,3710,1665,1490,"standard","no","no/optional","no","no","no","no","no","no","optional","standard","no","standard","Asia"
"Mitsubishi Outlander","Mitsubishi","Outlander","Outlander 2.2 DI-D GX4 5d","Diesel",10.3147359054,4,7.72665366484764,"4WD",NA,NA,10.2,NA,52,NA,4655,1800,1680,"standard","standard","no/optional","optional","standard","standard","standard","standard","standard","standard","standard","standard","standard","Asia"
"Mitsubishi Shogun","Mitsubishi","Shogun","Shogun 3.2 DI-DC Warrior 3d SWB","Diesel",10.4318780074816,4,8.07090608878782,"4WD",5.28320372873799,5.47646355193151,9.7,4.70953020131233,36,2095,4385,1875,1870,"no","standard","no/optional","optional","standard","standard","no","no","standard","standard","standard","standard","standard","Asia"
"Morgan 3 Wheeler","Morgan","3 Wheeler","3 Wheeler 2.0 Bespoke 2d","Petrol",10.3089526606443,2,7.5847730776122,"Rear",4.70048036579242,4.60517018598809,4.5,4.78749174278205,NA,490,NA,NA,NA,"no","no","no/optional","no","no","no","no","no","optional","no","no","no","no","Europe"
"Morgan Aero","Morgan","Aero","Aero 4.8 V8 Coupe 2d","Petrol",11.5124253399285,8,8.47616284185825,"Rear",5.90536184805457,5.91350300563827,4.5,5.13579843705026,26,1175,4147,1751,1248,"no","no","no/optional","standard","no","no","no","no","standard","no","no","optional","no","Europe"
"Morgan Roadster","Morgan","Roadster","Classic 3.7 Roadster 2d","Petrol",10.7342203960486,6,8.21608809863232,"Rear",5.63478960316925,5.64190707093811,5.5,4.9416424226093,28,950,4010,1720,1220,"no","no","no/optional","optional","no","no","no","no","standard","no","no","no","no","Europe"
"Nissan 370Z","Nissan","370Z","370Z 3.7 V6 GT Pack 2d","Petrol",10.3733349195736,6,8.21500643276157,"Rear",5.78689738136671,5.59471137960184,5.3,5.04342511691925,26,1496,4250,1845,1315,"standard","no","standard","optional","standard","standard","standard","standard","standard","optional","standard","optional","standard","Asia"
"Nissan Juke","Nissan","Juke","Juke 1.5 dCi 115 n-tec 5d","Petrol",9.78075478715383,4,7.2868764117507,"Front",4.74493212836325,5.25227342804663,11.2,4.69134788222914,67,1295,4135,1765,1570,"no","no","no/optional","no","standard","standard","standard","no","no","no","standard","standard","standard","Asia"
"Nissan Leaf","Nissan","Leaf","LEAF EV Standard 5d",NA,10.257308427492,0,NA,"Front",4.69134788222914,5.32787616878958,11.9,4.49980967033027,NA,1525,4445,1770,1550,"no","no","no/optional","standard","standard","standard","standard","no","no","standard","standard","standard","standard","Asia"
"Nissan Micra","Nissan","Micra","Micra 1.2 DIG-S Visia 5d","Petrol",9.32812340763257,3,7.08840877867539,"Front",4.58496747867057,4.64439089914137,11.3,4.71849887129509,68,1040,3780,1675,1520,"no","no","no/optional","optional","standard","no","no","no","no","no","standard","no","standard","Asia"
"Nissan Note","Nissan","Note","Note 1.4 n-tec 5d","Petrol",9.51044496442652,4,7.23417717974985,"Front",4.47733681447821,4.54329478227,13.4,4.61512051684126,47,1150,4100,1690,1550,"standard","no","no/optional","no","standard","standard","standard","no","no","standard","standard","standard","standard","Asia"
"Nissan Pathfinder","Nissan","Pathfinder","Pathfinder 2.5 dCi 190 Acenta 5d","Diesel",10.3873016270553,4,7.81923445385907,"4WD",5.24702407216049,5.80211837537706,11,4.74493212836325,33,2090,4813,1848,1785,"standard","no","standard","no","standard","standard","no","no","no","optional","standard","no","standard","Asia"
"Nissan Qashqai","Nissan","Qashqai","Qashqai 1.6 117 Tekna 5d","Petrol",9.96622758235731,4,7.37650812632622,"Front",4.76217393479776,4.75359019110636,11.9,4.72738781871234,45,1297,4330,1780,1622,"standard","standard","standard","no","standard","standard","standard","no","standard","standard","standard","standard","standard","Asia"
"Nissan X-Trail","Nissan","X-Trail","X-Trail 2.0 dCi 173 n-tec+ 5d","Diesel",10.2324315227365,4,7.59839932932396,"4WD",5.15329159449778,5.57972982598622,10,4.82028156560504,44,1650,4635,1790,1700,"standard","standard","standard","no","standard","standard","standard","no","no","standard","standard","standard","standard","Asia"
"Noble M600","Noble","M600","M600 4.4 V8 T 650 Standard 2d","Petrol",12.2060726455302,8,8.39818440483404,"Rear",6.47697236288968,6.40357419793482,3,5.41610040220442,NA,1198,4360,1910,1120,"no","no","no/optional","no","no","no","no","no","standard","no","no","no","standard","Europe"
"Pagani Huayra","Pagani","Huayra","Huayra 6.0 V12 Standard 2d","Petrol",13.8054602221108,12,8.69617584694468,"Rear",6.59304453414244,6.69826805411541,3.3,5.4380793089232,23,1350,4605,2036,1169,"no","no","no/optional","standard","no","no","no","no","no","no","no","no","no","Europe"
"Perodua MYVI","Perodua","MYVI","Myvi 1.3 EZi auto 5d","Petrol",9.10486873903395,4,7.16857989726403,"Front",4.44265125649032,4.44265125649032,11.3,4.66343909411207,44,950,3720,1665,1550,"no","no","standard","optional","no","no","no","no","no","standard","standard","no","no","Asia"
"Peugeot 107","Peugeot","107","107 1.0 68 Active 5d","Petrol",9.14259671988966,3,6.90575327631146,"Front",4.21950770517611,4.24849524204936,14.2,4.60517018598809,65,210,3430,1630,1465,"no","no","no/optional","optional","standard","no","no","no","no","no","standard","no","optional","Europe"
"Peugeot 207 CC","Peugeot","207 CC","207 CC 1.6 VTi 120 GT 2d","Petrol",9.80615031964717,4,7.37650812632622,"Front",4.78749174278205,4.78749174278205,10.7,4.83628190695148,43,1417,4037,1750,1387,"standard","standard","standard","optional","standard","standard","no","no","optional","standard","standard","optional","standard","Europe"
"Peugeot 207 SW","Peugeot","207 SW","207 SW 1.6 HDi FAP 92 Active 5d","Diesel",9.62211884214094,4,7.35244110024358,"Front",4.52178857704904,5.08140436498446,13.3,4.72738781871234,67,1332,4149,1750,1555,"no","standard","no/optional","no","standard","no","optional","no","no","optional","standard","no","optional","Europe"
"Peugeot 208","Peugeot","208","208 1.6 VTi 120 Allure 3d","Petrol",9.59185425926183,4,7.37650812632622,"Front",4.78749174278205,4.77068462446567,10.9,4.77068462446567,48,1080,3965,1739,1460,"standard","standard","no/optional","no","standard","standard","standard","no","no","optional","standard","optional","standard","Europe"
"Peugeot 3008","Peugeot","3008","3008 2.0 HYbrid4 Active 5d","Diesel",10.2034069426524,4,7.59940133341582,"4WD",5.29831736654804,5.39816270151775,8.5,4.77068462446567,80,1808,4365,1837,1639,"standard","standard","standard","standard","standard","standard","standard","no","no","standard","standard","optional","standard","Europe"
"Peugeot 308","Peugeot","308","308 1.6 e-HDi 115 Active 5d","Petrol",9.83601138741121,4,7.35244110024358,"Front",4.74493212836325,5.31320597904179,10.2,4.79579054559674,76,1395,4253,1804,1457,"standard","standard","standard","no","standard","standard","standard","no","no","no","standard","standard","standard","Europe"
"Peugeot 308 CC","Peugeot","308 CC","308 CC 2.0 HDi 150 Active 2d","Diesel",10.1021334722499,4,7.59940133341582,"Front",5.01063529409626,5.56068163101553,11.1,4.85981240436167,47,1674,4400,1817,1426,"standard","standard","standard","optional","standard","standard","standard","no","optional","standard","standard","optional","standard","Europe"
"Peugeot 308 SW","Peugeot","308 SW","308 SW 1.6 e-HDi 112 EGC SS SR 5d","Diesel",9.88404985864365,4,7.35244110024358,"Front",4.71849887129509,5.19295685089021,12.3,4.77068462446567,65,1399,4500,1815,1498,"no","standard","no/optional","standard","standard","no","no","no","no","no","standard","standard","standard","Europe"
"Peugeot 5008","Peugeot","5008","5008 1.6 e-HDi 112 FAP EGC SR 5d","Diesel",9.9802170853948,4,7.35244110024358,"Front",4.71849887129509,5.17614973257383,12.6,4.7361984483945,57,1688,4530,1830,1638,"no","standard","no/optional","standard","standard","no","no","no","no","no","standard","standard","standard","Europe"
"Peugeot RCZ","Peugeot","RCZ","RCZ 1.6 THP 156 GT 2d","Petrol",10.0856007542923,4,7.37650812632622,"Front",5.04985600724954,5.19295685089021,8.3,4.89034912822175,44,1394,4290,NA,1352,"standard","standard","standard","optional","standard","standard","standard","standard","standard","standard","standard","optional","standard","Europe"
"Porsche 911","Porsche","911","911 3.8 400 Carrera 4S 2d Cabriolet 991","Petrol",11.4820950545776,6,8.24275634571448,"4WD",5.99146454710798,5.78074351579233,4.7,5.20948615284142,28,1515,4491,1852,1294,"no","no","standard","optional","optional","no","optional","no","no","optional","standard","standard","standard","Europe"
"Porsche Boxster","Porsche","Boxster","Boxster 2.7 265 Standard 2d","Petrol",10.551558912205,6,7.90322680873073,"Rear",5.57972982598622,5.32787616878958,5.8,5.0998664278242,34,1310,4374,1801,1282,"no","standard","standard","optional","optional","optional","optional","no","optional","optional","standard","optional","standard","Europe"
"Porsche Cayenne","Porsche","Cayenne","Cayenne 4.8 V8 420 GTS 5d","Petrol",11.1289820938773,8,8.47762041629641,"4WD",6.04025471127741,5.93753620508243,5.7,5.08759633523238,26,2085,4846,1954,1708,"no","no","no/optional","no","no","no","no","no","no","no","no","no","no","Europe"
"Porsche Panamera","Porsche","Panamera","Panamera 3.0 V6 bi-turbo 420 S 5d","Petrol",11.3154374770945,6,8.00536706731666,"Rear",6.04025471127741,5.94803498918065,5.1,5.18178355029209,32,1810,5015,1931,1418,"no","standard","no/optional","standard","no","standard","standard","standard","standard","standard","standard","standard","standard","Europe"
"Proton GEN-2","Proton","GEN-2","Gen-2 1.6 GLS 5d","Petrol",9.22965268300856,4,7.37588214821501,"Front",4.70048036579242,4.69134788222914,12.6,4.77068462446567,39,1185,4310,1725,1435,"no","standard","standard","no","no","no","no","no","optional","standard","standard","no","no","Asia"
"Proton Satria-Neo","Proton","Satria-Neo","Satria-Neo 1.6 GSX 3d","Petrol",9.04723303410603,4,7.37588214821501,"Front",4.70953020131233,4.69134788222914,11.5,4.77068462446567,42,1170,3905,1710,1420,"no","standard","standard","optional","no","standard","no","no","no","standard","standard","no","no","Asia"
"Proton Savvy","Proton","Savvy","Savvy 1.2 Style 5d","Petrol",8.98657162526805,4,7.04664727784876,"Front",4.31748811353631,4.34380542185368,13.9,4.58496747867057,49,965,3710,1643,1480,"no","no","standard","optional","no","no","no","no","no","standard","standard","no","no","Asia"
"Renault Clio","Renault","Clio","Clio 1.5 dCi 90 ECO Expression+ 5d","Diesel",9.57115672841547,4,7.2868764117507,"Front",4.49980967033027,5.08759633523238,12,4.71849887129509,88,1071,4062,1731,1448,"no","standard","no/optional","no","standard","no","standard","no","no","no","standard","no","standard","Europe"
"Renault Megane","Renault","Megane","Megane 1.5 dCi 110 Stop and Start Dynamique TomTom 5d","Diesel",9.89343721668263,4,7.2868764117507,"Front",4.70048036579242,5.25227342804663,12.1,4.77068462446567,80,1215,4302,1808,1471,"standard","standard","standard","no","standard","optional","standard","no","optional","optional","standard","standard","standard","Europe"
"Renault Scenic/Grand Scenic","Renault","Scenic/Grand Scenic","Grand Scenic 1.2 TCe 115 S&S Dynamique 5d","Petrol",9.97347992435616,4,7.08840877867539,"Front",4.74493212836325,4.9416424226093,12.6,4.71849887129509,47,1491,4573,1845,1671,"standard","standard","no/optional","no","standard","optional","standard","no","no","standard","standard","standard","standard","Europe"
"Renault Twingo","Renault","Twingo","Twingo 1.2 75 Dynamique 3d","Petrol",9.24474179869351,4,7.04664727784876,"Front",4.31748811353631,4.35670882668959,12.3,4.65396035015752,55,950,3687,1654,1470,"no","no","no/optional","no","standard","optional","standard","no","no","no","standard","no","optional","Europe"
"Renault Twizy","Renault","Twizy","Twizy 13kW Colour",NA,8.84649693855884,NA,NA,NA,2.83321334405622,3.73766961828337,0,3.91202300542815,NA,450,2337,1237,1461,"no","no","no/optional","standard","no","no","no","no","no","no","no","no","no","Europe"
"Renault Zoe","Renault","Zoe","Zoe EV Dynamique Intens 5d",NA,9.90563524459359,NA,NA,"Front",4.47733681447821,5.08759633523238,13.5,4.43081679884331,NA,1468,4084,1730,1562,"standard","standard","no/optional","standard","standard","standard","standard","no","no","standard","standard","standard","standard","Europe"
"Rolls-Royce Ghost","Rolls-Royce","Ghost","Ghost 6.6 V12 Extended Wheelbase 4d","Petrol",12.3457476276027,12,8.79361207158931,"Rear",6.33327962813969,6.35437004079735,4.8,5.04342511691925,20,2420,5569,1948,1556,"standard","standard","standard","standard","standard","standard","standard","standard","standard","standard","standard","standard","standard","Europe"
"Rolls-Royce Phantom","Rolls-Royce","Phantom","Phantom 6.75 V12 Drophead Coupe 2d","Petrol",12.7734298200318,12,8.81714962474341,"Rear",6.11589212548303,6.27476202124194,5.8,5.01063529409626,19,2705,5612,1987,1566,"standard","standard","standard","standard","standard","standard","standard","standard","standard","standard","standard","standard","standard","Europe"
"Rolls-Royce Phantom Coupe","Rolls-Royce","Phantom Coupe","Phantom 6.75 V12 Coupe 2d","Petrol",12.7162880831705,12,8.81714962474341,"Rear",6.11589212548303,6.27476202124194,5.8,5.04342511691925,19,2665,5612,1987,1598,"standard","standard","standard","standard","standard","standard","standard","standard","standard","standard","standard","standard","standard","Europe"
"SEAT Alhambra","SEAT","Alhambra","Alhambra 2.0 TDI CR 140 Ecomotive SE 2011 5d","Diesel",10.1890423639717,4,7.5847730776122,"Front",4.9416424226093,5.46383180502561,10.9,4.78749174278205,50,1747,4850,1900,1720,"standard","standard","standard","optional","standard","standard","standard","optional","optional","standard","standard","optional","standard","Europe"
"SEAT Altea","SEAT","Altea","Altea 1.2 TSI 105 SE 5d","Petrol",9.78611068438255,4,7.08757370555797,NA,4.65396035015752,4.85981240436167,11.3,4.7361984483945,49,1360,4282,1768,1576,"optional","standard","standard","no","optional","standard","standard","no","no","optional","standard","optional","standard","Europe"
"SEAT Leon","SEAT","Leon","Leon 1.4 TSI 140 FR 5d","Petrol",9.87225485010503,4,7.24064969425547,"Front",4.9416424226093,5.21493575760899,8.2,4.87519732320115,54,1231,4271,1784,1444,"optional","standard","standard","no","standard","standard","standard","no","optional","standard","standard","optional","standard","Europe"
"SEAT Mii","SEAT","Mii","Mii 1.0 60 SE 3d","Petrol",9.13507788747564,3,6.90675477864855,"Front",4.0943445622221,4.24849524204936,14.4,4.59511985013459,62,929,3557,1641,1478,"no","no","no/optional","no","optional","no","optional","no","no","optional","standard","optional","standard","Europe"
"SEAT Toledo","SEAT","Toledo","Toledo 1.2 TSI 105 SE 4d","Petrol",9.7019831763254,4,7.08757370555797,"Front",4.65396035015752,4.85981240436167,10.3,4.79579054559674,55,1175,4482,1703,1461,"no","standard","no/optional","no","standard","standard","standard","no","no","optional","standard","optional","standard","Europe"
"Skoda Fabia","Skoda","Fabia","Fabia 1.6 TDI CR 105 SE 5d","Diesel",9.51782507172414,4,7.37650812632622,"Front",4.65396035015752,5.21493575760899,10.9,4.76217393479776,67,1219,4000,1642,1498,"no","standard","standard","no","optional","no","optional","no","no","optional","standard","optional","optional","Europe"
"Skoda Octavia","Skoda","Octavia","Octavia 1.4 TSI 140 Elegance 5d","Petrol",9.9154161234014,4,7.24064969425547,"Front",4.9416424226093,5.21493575760899,8.1,4.89783979995091,53,1180,4659,1814,1461,"no","standard","standard","no","standard","standard","standard","optional","standard","no","standard","standard","standard","Europe"
"Skoda Roomster","Skoda","Roomster","Roomster 1.2 TSI 105 SE 5d","Petrol",9.57983281962553,4,7.08757370555797,"Front",4.65396035015752,4.85981240436167,10.9,4.7361984483945,49,1237,4214,1684,1607,"no","standard","standard","optional","optional","optional","optional","no","optional","standard","standard","no","optional","Europe"
"Skoda Yeti","Skoda","Yeti","Yeti 1.2 TSI 105 2WD Elegance 5d","Petrol",9.84823907830565,4,7.08757370555797,"Front",4.65396035015752,4.85981240436167,11.8,4.69134788222914,44,1345,4223,1793,1691,"standard","standard","standard","optional","standard","standard","standard","optional","standard","standard","standard","optional","optional","Europe"
"Smart fortwo","Smart","fortwo","ForTwo 0.0 Electric Drive 2d coupe sale&care",NA,9.41531995266272,NA,NA,"Rear",4.29045944114839,4.55387689160054,11.5,4.35670882668959,NA,NA,2700,1559,1542,"no","no","no/optional","standard","no","no","optional","no","no","no","standard","standard","standard","Europe"
"Ssangyong Rodius","Ssangyong","Rodius","Rodius 2.0D ES 5d","Diesel",9.79784922051313,4,7.5999019592085,"Rear",5.04342511691925,5.57972982598622,0,4.65396035015752,38,2059,5125,1915,1845,"no","no","standard","optional","standard","standard","no","no","standard","optional","standard","optional","standard","Asia"
"Subaru BRZ","Subaru","BRZ","BRZ 2.0 SE 2d","Petrol",10.1264310838477,4,7.5999019592085,"Rear",5.29831736654804,5.01727983681492,7.6,4.86753445045558,36,1200,4240,1775,1425,"no","no","no/optional","optional","no","standard","standard","no","no","no","standard","optional","standard","Asia"
"Subaru Forester","Subaru","Forester","Forester 2.0 XE Premium 5d","Petrol",10.2217594489419,4,7.59839932932396,"4WD",5.01063529409626,4.98360662170834,10.6,4.77068462446567,43,1477,4595,1795,1735,"standard","standard","standard","no","standard","standard","standard","no","no","standard","standard","no","standard","Asia"
"Subaru Legacy Outback","Subaru","Legacy Outback","Outback 2.0D SE 5d","Diesel",10.3112832759826,4,7.5999019592085,"4WD",5.01063529409626,5.55295958492162,9.7,4.78749174278205,44,1573,4775,1820,1605,"standard","standard","standard","no","no","standard","standard","standard","no","no","standard","optional","standard","Asia"
"Subaru XV","Subaru","XV","XV 2.0D SE 5d","Diesel",10.0856007542923,4,7.5999019592085,"4WD",4.99043258677874,5.55295958492162,9.3,4.78749174278205,50,1415,4450,1780,1615,"no","standard","no/optional","no","standard","standard","standard","no","no","no","standard","no","standard","Asia"
"Suzuki Alto","Suzuki","Alto","Alto 1.0 12v SZ3 5d","Petrol",9.03586793012563,3,6.9037472575846,"Front",4.21950770517611,4.18965474202643,13.5,4.56434819146784,65,NA,3500,1600,1470,"no","no","no/optional","no","no","no","no","no","no","no","standard","no","no","Asia"
"Suzuki Grand Vitara","Suzuki","Grand Vitara","Grand Vitara 2.4 SZ4 5d","Petrol",9.84665261578359,4,7.78030308790837,"4WD",5.11198778835654,5.11799381241676,11.7,4.74493212836325,32,1569,4500,1880,1695,"no","no","no/optional","no","no","standard","standard","no","no","no","standard","no","standard","Asia"
"Suzuki Jimny","Suzuki","Jimny","Jimny 1.3 SZ3 3d","Petrol",9.39224517527379,4,7.19142933003638,"4WD",4.43081679884331,4.39444915467244,14.1,4.46590811865458,39,1158,3665,1645,1705,"no","no","no/optional","no","no","no","no","no","no","no","standard","no","no","Asia"
"Suzuki Splash","Suzuki","Splash","Splash 1.2 SZ3 5d","Petrol",9.28720881623276,4,7.12447826249342,"Front",4.54329478227,4.46590811865458,12,4.69134788222914,55,1050,3775,1680,1590,"no","no","no/optional","no","no","no","no","no","no","no","standard","no","no","Asia"
"Suzuki Swift","Suzuki","Swift","Swift 1.2 SZ3 5d","Petrol",9.43340392009022,4,7.12447826249342,"Front",4.54329478227,4.46590811865458,12.3,4.63472898822964,56,1020,3850,1695,1510,"no","no","no/optional","optional","no","no","no","no","no","no","standard","no","standard","Asia"
"Suzuki Swift Sport","Suzuki","Swift Sport","Swift 1.6 136 Sport 3d","Petrol",9.52872137317723,4,7.36897040219479,"Front",4.91265488573605,4.77068462446567,8.7,4.79579054559674,44,1045,3890,1695,1510,"standard","standard","standard","no","standard","standard","standard","no","no","no","standard","no","standard","Asia"
"Suzuki SX4","Suzuki","SX4","Sx4 1.6 4WD SZ5 5d","Petrol",9.67401149314871,4,7.36897040219479,"4WD",4.78749174278205,4.74493212836325,11.5,4.69134788222914,43,1255,4150,1755,1620,"no","standard","no/optional","no","no","standard","no","no","no","no","standard","no","standard","Asia"
"Toyota Auris","Toyota","Auris","Auris 1.4 D-4D Icon 5d","Diesel",9.82525570426655,4,7.21817683840341,"Front",4.48863636973214,5.01727983681492,12.5,4.71849887129509,72,1290,4275,1760,1450,"no","standard","no/optional","no","standard","no","no","no","no","standard","standard","optional","standard","Asia"
"Toyota Avensis","Toyota","Avensis","Avensis 2.2 D-CAT 150 Icon 4d","Diesel",10.1082634464922,4,7.71020519443253,"Front",5.01063529409626,5.52146091786225,9.5,4.84418708645859,44,1600,4710,1810,1480,"standard","standard","no/optional","standard","standard","standard","standard","no","no","no","standard","standard","standard","Asia"
"Toyota AYGO","Toyota","AYGO","Aygo 1.0 68 + 5d","Petrol",9.15377002048779,3,6.90575327631146,"Front",4.21950770517611,4.21950770517611,14.2,4.57471097850338,65,800,3415,1615,1465,"no","no","no/optional","optional","no","no","no","no","no","no","standard","no","no","Asia"
"Toyota GT 86","Toyota","GT 86","GT 86 2.0 Standard 2d","Petrol",10.1264310838477,4,7.5999019592085,"Rear",5.29831736654804,5.01727983681492,7.7,4.9416424226093,36,1238,4240,1775,1285,"no","no","no/optional","optional","no","no","no","no","no","no","no","no","standard","Asia"
"Toyota iQ","Toyota","iQ","IQ 1.0 IQ2 3d","Petrol",9.34792603492875,3,6.9037472575846,"Front",4.20469261939097,4.20469261939097,14.7,4.53259949315326,64,845,2985,1680,1500,"no","no","no/optional","optional","optional","no","no","no","optional","optional","standard","optional","standard","Asia"
"Toyota Land Cruiser","Toyota","Land Cruiser","Land Cruiser 3.0 D-4D LC3 5d","Diesel",10.4730536713247,4,8.00034949532468,"4WD",5.14166355650266,5.71042701737487,11.7,4.69134788222914,34,2125,4760,1885,1890,"no","standard","standard","standard","standard","standard","standard","no","standard","no","standard","no","standard","Asia"
"Toyota Land Cruiser V8","Toyota","Land Cruiser V8","Land Cruiser 4.5 V8 5d","Diesel",11.0394759053202,8,8.40312823512826,"4WD",5.65599181081985,6.17170059741091,8.9,4.86753445045558,29,2555,4950,1970,1865,"standard","standard","standard","standard","standard","standard","standard","standard","standard","standard","standard","standard","standard","Asia"
"Toyota Prius","Toyota","Prius","Prius 1.8 Hybrid T Spirit 5d","Petrol",10.0876823537118,4,7.49443021503157,"Front",4.58496747867057,4.64439089914137,10.4,4.71849887129509,70,1370,4460,1745,1490,"standard","standard","standard","standard","standard","standard","standard","no","optional","optional","standard","standard","standard","Asia"
"Toyota RAV4","Toyota","RAV4","RAV4 2.2 D-4D 150 AWD Icon 5d","Diesel",10.1847113149269,4,7.71020519443253,"4WD",5.01063529409626,5.52146091786225,9.6,4.77068462446567,49,1625,4570,1845,1705,"standard","standard","standard","no","standard","standard","no","no","optional","standard","standard","optional","standard","Asia"
"Toyota Verso","Toyota","Verso","Verso 1.6 Icon 5d","Petrol",9.90073376433951,4,7.37650812632622,"Front",4.86753445045558,4.77068462446567,11.7,4.74493212836325,42,1430,4460,1790,1630,"no","standard","standard","no","standard","standard","standard","no","no","no","standard","optional","standard","Asia"
"Toyota Yaris","Toyota","Yaris","Yaris 1.33 TR 5d","Petrol",9.49250726373985,4,7.19218205871325,"Front",4.58496747867057,4.52178857704904,11.7,4.69134788222914,52,1045,3885,1695,1510,"no","no","no/optional","optional","standard","no","no","no","no","standard","standard","no","standard","Asia"
"Vauxhall Adam","Vauxhall","Adam","Adam 1.2 ecoFLEX S/S Glam 3d","Petrol",9.46846489218564,4,7.11395610956603,"Front",4.24849524204936,4.44265125649032,14.9,4.62497281328427,56,1086,3698,1720,1484,"optional","standard","no/optional","no","standard","standard","standard","no","optional","optional","standard","optional","standard","Europe"
"Vauxhall Agila","Vauxhall","Agila","Agila 1.0 68 S 5d","Petrol",9.2529208195113,3,6.9037472575846,"Front",4.21950770517611,4.18965474202643,14.2,4.59511985013459,60,975,3740,1680,1590,"no","no","no/optional","no","no","no","no","no","no","no","standard","no","optional","Europe"
"Vauxhall Ampera","Vauxhall","Ampera","Ampera 1.4 EREV Positiv 5d","Petrol",10.5254072238077,4,7.24422751560335,"Front",5.01063529409626,5.60947179518496,8.7,4.60517018598809,235,1732,4498,1787,1439,"standard","standard","standard","standard","standard","standard","standard","no","standard","standard","standard","no","standard","Europe"
"Vauxhall Antara","Vauxhall","Antara","Antara 2.2 CDTi 163 4WD Exclusiv 5d","Diesel",10.015028927269,4,7.71020519443253,"4WD",5.09375020080676,5.55295958492162,9.9,4.76217393479776,42,1996,4596,1850,1761,"standard","no","no/optional","optional","optional","standard","standard","no","no","standard","standard","optional","standard","Europe"
"Vauxhall Astra","Vauxhall","Astra","Astra 1.6 SE 5d","Petrol",9.90872381933137,4,7.37650812632622,"Front",4.74493212836325,4.7361984483945,10.9,4.77068462446567,44,NA,4419,1814,1510,"standard","standard","standard","optional","optional","optional","standard","no","no","optional","standard","optional","standard","Europe"
"Vauxhall Astra GTC","Vauxhall","Astra GTC","Astra 1.4T 140 S/S SRi 3d GTC","Petrol",9.94510922722695,4,7.21817683840341,"Front",4.9416424226093,4.99043258677874,9,4.8283137373023,47,NA,4419,1814,1510,"standard","standard","standard","no","optional","optional","standard","no","optional","optional","standard","optional","standard","Europe"
"Vauxhall Astra VXR","Vauxhall","Astra VXR","Astra 2.0T 280 VXR 3d GTC","Petrol",10.2034069426524,4,7.5999019592085,"Front",5.63478960316925,5.68697535633982,5.9,5.04342511691925,34,1475,4466,1840,1482,"no","standard","standard","no","standard","optional","no","optional","optional","optional","standard","optional","standard","Europe"
"Vauxhall Cascada","Vauxhall","Cascada","Cascada 1.6T SIDI 170 SE 2d","Petrol",10.1850886734219,4,7.37650812632622,"Front",5.13579843705026,5.32787616878958,9.2,4.90527477843843,39,NA,4696,1839,1445,"optional","standard","standard","standard","optional","optional","standard","no","optional","standard","standard","optional","standard","Europe"
"Vauxhall Corsa","Vauxhall","Corsa","Corsa 1.2 ecoFlex S/S SXi 5d","Petrol",9.59696239228287,4,7.11395610956603,"Front",4.44265125649032,4.44265125649032,13.6,4.67282883446191,55,1055,3999,1737,1488,"optional","standard","no/optional","no","no","optional","standard","no","no","optional","no","optional","optional","Europe"
"Vauxhall Corsa VXR","Vauxhall","Corsa VXR","Corsa 1.6 T VXR 3d","Petrol",9.8474461616525,4,7.37650812632622,"Front",5.24174701505964,5.12989871492307,6.8,4.9416424226093,35,1300,4040,1713,1488,"optional","standard","no/optional","no","optional","optional","no","no","optional","optional","standard","optional","optional","Europe"
"Vauxhall Insignia","Vauxhall","Insignia","Insignia 2.0 CDTi 160 SE 4d","Diesel",10.1334080881294,4,7.57865685059476,"Front",5.07517381523383,5.55295958492162,8.9,4.90527477843843,55,NA,4830,1856,1498,"standard","standard","standard","optional","optional","standard","standard","no","optional","optional","standard","optional","standard","Europe"
"Vauxhall Insignia Sports Tourer","Vauxhall","Insignia Sports Tourer","Insignia 2.0 CDTi 130 ecoFlex S/S SRi 5d Sports Tourer","Diesel",10.1681568506788,4,7.57865685059476,"Front",4.86753445045558,5.39816270151775,10.9,4.82028156560504,62,NA,4908,1856,1520,"standard","standard","standard","no","optional","standard","standard","no","optional","optional","standard","optional","standard","Europe"
"Vauxhall Meriva","Vauxhall","Meriva","Meriva 1.3 CDTi 75 Exclusiv 2010 5d","Diesel",9.84081395800807,4,7.12929754892937,"Front",4.31748811353631,4.88280192258637,16.9,4.59511985013459,57,1360,4288,1812,1615,"optional","standard","no/optional","no","optional","optional","standard","no","no","optional","standard","optional","standard","Europe"
"Vauxhall Mokka","Vauxhall","Mokka","Mokka 1.6 115 S/S SE 5d","Petrol",9.92793623293844,4,7.37650812632622,"Front",4.74493212836325,4.7361984483945,12.2,4.66343909411207,43,NA,4280,1775,1645,"standard","standard","standard","no","standard","standard","standard","no","standard","standard","standard","no","standard","Europe"
"Vauxhall VXR8","Vauxhall","VXR8","VXR8 6.2 V8 Clubsport 4d","Petrol",10.7144177687525,8,8.72615667915661,"Rear",6.06610809010375,6.00388706710654,4.9,5.04342511691925,21,1831,4940,1900,1470,"no","no","standard","optional","standard","standard","no","standard","optional","standard","standard","no","standard","Europe"
"Vauxhall Zafira","Vauxhall","Zafira","Zafira 1.6 Design ESP 5d","Petrol",10.0125661475624,4,7.37650812632622,"Front",4.74493212836325,4.7361984483945,12.5,4.74493212836325,42,1430,4467,1781,1645,"no","standard","no/optional","no","optional","no","optional","no","no","optional","standard","optional","standard","Europe"
"Vauxhall Zafira Tourer","Vauxhall","Zafira Tourer","Zafira Tourer 1.4T 140 S/S SE 5d","Petrol",10.086017420965,4,7.21817683840341,"Front",4.9416424226093,5.08759633523238,9.9,4.83628190695148,44,NA,4658,1884,1685,"standard","standard","standard","no","no","standard","standard","no","no","standard","standard","optional","standard","Europe"
"Volkswagen Beetle","Volkswagen","Beetle","Beetle 2.0 TDI 140 Design 3d","Diesel",9.90772854679338,4,7.5847730776122,"Front",4.9416424226093,5.46383180502561,9.4,4.81218435537242,57,1395,4278,1808,1486,"optional","standard","standard","no","standard","optional","optional","no","no","optional","standard","optional","standard","Europe"
"Volkswagen CC","Volkswagen","CC","CC 2.0 TDI 140 BMT GT 4d","Diesel",10.2244835040178,4,7.5847730776122,"Front",4.9416424226093,5.46383180502561,9.8,4.88280192258637,60,NA,4802,1855,1417,"standard","standard","standard","optional","standard","no","standard","no","standard","standard","standard","standard","standard","Europe"
"Volkswagen Eos","Volkswagen","Eos","Eos 2.0 TSI 210 Sport 2d","Petrol",10.2417439109508,4,7.59287028784482,"Front",5.34710753071747,5.32787616878958,7.8,4.99043258677874,39,1563,4423,1791,1444,"standard","standard","standard","optional","standard","optional","optional","optional","optional","standard","standard","optional","standard","Europe"
"Volkswagen Golf","Volkswagen","Golf","Golf 1.6 TDI 105 SE 3d","Diesel",9.90623377820415,4,7.37650812632622,"Front",4.65396035015752,5.21493575760899,10.7,4.77912349311153,74,1295,4255,1799,1452,"standard","standard","standard","no","standard","optional","standard","no","optional","optional","standard","optional","standard","Europe"
"Volkswagen Golf Plus","Volkswagen","Golf Plus","Golf Plus 1.6 TDI 105 BlueTech S 5d","Diesel",9.88277451093859,4,7.37650812632622,"Front",4.65396035015752,5.21493575760899,12.1,4.75359019110636,65,1450,4204,1759,1592,"optional","standard","no/optional","optional","no","no","no","no","no","no","standard","no","standard","Europe"
"Volkswagen Jetta","Volkswagen","Jetta","Jetta 1.4 TSI 160 SE 4d","Petrol",9.87199688544476,4,7.23705902612474,"Front",5.07517381523383,5.17614973257383,8.3,4.91998092582813,44,1411,4644,1778,1482,"no","standard","standard","optional","optional","optional","no","no","optional","optional","standard","optional","standard","Europe"
"Volkswagen Passat","Volkswagen","Passat","Passat 1.8 TSI 160 Sport 4d","Petrol",10.0439014562513,4,7.49443021503157,"Front",5.07517381523383,5.21493575760899,8.5,4.91998092582813,40,1502,4769,1820,1470,"standard","standard","standard","optional","standard","standard","standard","no","optional","optional","standard","standard","standard","Europe"
"Volkswagen Phaeton","Volkswagen","Phaeton","Phaeton 3.0 TDI V6 240 4MOTION LWB 4d","Diesel",10.8247658259213,6,7.99530662029082,"4WD",5.48063892334199,5.90536184805457,8.3,4.99043258677874,33,2315,5179,1903,1450,"standard","standard","standard","standard","optional","standard","standard","standard","standard","standard","standard","standard","standard","Europe"
"Volkswagen Polo","Volkswagen","Polo","Polo 1.2 TDI 75 Match Edition 3d","Diesel",9.5655642636476,3,7.08924315502751,"Front",4.31748811353631,4.969813299576,13.9,4.66343909411207,72,1199,NA,NA,NA,"no","standard","standard","no","standard","no","standard","no","no","standard","standard","optional","standard","Europe"
"Volkswagen Scirocco","Volkswagen","Scirocco","Scirocco 2.0 TSI 210 GT 3d","Petrol",10.1852772992831,4,7.59287028784482,"Front",5.34710753071747,5.33271879326537,6.9,5.00394630594546,38,1373,4256,1810,1404,"standard","standard","standard","optional","standard","standard","optional","optional","standard","standard","standard","standard","standard","Europe"
"Volkswagen Sharan","Volkswagen","Sharan","Sharan 2.0 TDI 170 SE 2011 5d","Diesel",10.2515000858962,4,7.5847730776122,"Front",5.13579843705026,5.55295958492162,9.8,4.86753445045558,48,1794,4854,1904,1720,"standard","standard","standard","optional","standard","standard","standard","standard","optional","standard","standard","optional","standard","Europe"
"Volkswagen Tiguan","Volkswagen","Tiguan","Tiguan 1.4 TSI 160 4Motion SE 5d","Petrol",10.1310214521516,4,7.23705902612474,"4WD",5.07517381523383,5.17614973257383,9.2,4.81218435537242,37,1631,4433,1809,1703,"standard","standard","standard","no","standard","standard","optional","optional","optional","standard","standard","optional","standard","Europe"
"Volkswagen Touareg","Volkswagen","Touareg","Touareg 3.0 V6 TDI 245 Altitude 5d","Diesel",10.6808609852236,6,7.99530662029082,"4WD",5.50125821054473,6.00635315960173,7.8,4.90527477843843,39,2174,4795,1940,1732,"standard","standard","standard","standard","standard","standard","standard","optional","standard","standard","standard","standard","standard","Europe"
"Volkswagen Touran","Volkswagen","Touran","Touran 1.6 TDI 105 SE 2010 5d","Diesel",9.99012385919568,4,7.37650812632622,"Front",4.65396035015752,5.22035582507832,12.8,4.7361984483945,55,1539,4397,1794,1634,"no","standard","standard","optional","optional","optional","standard","no","optional","standard","standard","optional","standard","Europe"
"Volkswagen Up","Volkswagen","Up","Up 1.0 75 High Up 3d","Petrol",9.29651806821724,3,6.90675477864855,"Front",4.31748811353631,4.24849524204936,13.2,4.66343909411207,60,929,3540,1641,1489,"no","no","no/optional","optional","no","no","optional","no","no","optional","standard","no","standard","Europe"
"Volvo S60","Volvo","S60","S60 2.0 D3 136 SE Lux 4d","Diesel",10.269691946691,5,7.59287028784482,"Front",4.91265488573605,5.55295958492162,10.2,4.84418708645859,65,1577,4628,1865,1484,"no","standard","standard","optional","standard","standard","standard","standard","standard","standard","standard","optional","standard","Europe"
"Volvo S80","Volvo","S80","S80 2.4 D5 215 SE Lux 4d","Diesel",10.4434835536019,5,7.78322401633604,"Front",5.37063802812766,5.73334127689775,7.6,4.96284463025991,61,1671,4851,1861,1493,"standard","standard","standard","no","standard","standard","standard","standard","standard","standard","standard","standard","standard","Europe"
"Volvo V40","Volvo","V40","V40 2.0 D4 177 R-Design 5d","Diesel",10.1183972989232,5,7.59287028784482,"Front",5.17614973257383,5.78074351579233,8.2,4.91998092582813,65,1484,NA,NA,NA,"no","standard","standard","optional","standard","no","optional","optional","no","optional","standard","optional","standard","Europe"
"Volvo V60","Volvo","V60","V60 2.4 D5 215 SE 5d","Diesel",10.3399667141735,5,7.78322401633604,"Front",5.37063802812766,5.73334127689775,7.5,4.96284463025991,61,1655,4628,1865,1484,"no","standard","standard","optional","standard","standard","standard","no","optional","standard","standard","optional","standard","Europe"
"Volvo V70","Volvo","V70","V70 2.0 D4 163 R-Design 5d","Diesel",10.3631251395327,5,7.59287028784482,"Front",5.09375020080676,5.68697535633982,9.9,4.86753445045558,62,1734,4823,1861,1547,"no","standard","standard","no","standard","standard","standard","no","standard","no","standard","optional","standard","Europe"
"Volvo XC60","Volvo","XC60","XC60 2.4 D5 215 AWD R-Design 5d","Diesel",10.4615306759112,5,7.78322401633604,"4WD",5.37063802812766,5.73334127689775,8.4,4.86753445045558,50,1847,4627,1891,1713,"optional","standard","standard","optional","standard","standard","standard","optional","standard","optional","standard","optional","standard","Europe"
"Volvo XC70","Volvo","XC70","XC70 2.0 D3 DRIVe 163 SE Lux 5d","Diesel",10.4256981211687,5,7.59287028784482,"Front",5.09375020080676,5.68697535633982,9.6,4.84418708645859,51,1764,4838,1861,1604,"no","standard","standard","optional","standard","standard","standard","standard","standard","standard","standard","standard","standard","Europe"
"Volvo XC90","Volvo","XC90","XC90 2.4 D5 200 R-Design 5d","Diesel",10.6284967062448,5,7.78322401633604,"4WD",5.29831736654804,5.73334127689775,9.7,4.84418708645859,34,2129,4807,NA,1784,"standard","standard","standard","standard","standard","standard","standard","standard","standard","standard","standard","optional","standard","Europe"
